Date,Steps,Distance,Floors Ascended
9/22/25,2145,1.0,0
9/21/25,15729,7.6,1
9/20/25,12731,5.8,2
9/19/25,15976,7.2,0
9/18/25,12150,5.3,1
9/17/25,8404,3.5,0
9/16/25,5842,2.3,0
9/15/25,14154,5.9,0
9/14/25,18038,7.7,7
9/13/25,10791,4.6,5
9/12/25,12870,6.2,0
9/11/25,10527,5.1,1
9/10/25,12138,5.2,2
9/9/25,13143,5.9,1
9/8/25,3737,1.8,0
9/7/25,25432,11.8,53
9/6/25,14835,6.5,9
9/5/25,10517,4.8,1
9/4/25,10516,4.9,1
9/3/25,13143,6.9,0
9/2/25,14513,7.0,0
9/1/25,15317,8.3,0
8/31/25,6735,2.9,0
8/30/25,16774,7.7,0
8/29/25,9467,4.9,0
8/28/25,12417,5.7,1
8/27/25,13212,6.1,0
8/26/25,13361,5.8,1
8/25/25,6151,2.6,1
8/24/25,9994,4.5,1
8/23/25,14163,6.7,0
8/22/25,8366,3.6,0
8/21/25,9404,4.2,1
8/20/25,12924,6.0,0
8/19/25,7018,2.9,0
8/18/25,9023,3.9,0
8/17/25,14028,6.3,0
8/16/25,15704,7.9,2
8/15/25,10594,4.8,0
8/14/25,7061,3.1,1
8/13/25,10603,4.7,1
8/12/25,5103,2.2,1
8/11/25,9582,4.2,10
8/10/25,21698,9.0,43
8/9/25,8710,3.6,3
8/8/25,2349,0.9,3
8/7/25,12200,6.0,1
8/6/25,9835,4.2,1
8/5/25,7878,3.5,0
8/4/25,13600,6.2,0
8/3/25,14066,7.3,0
8/2/25,13175,6.2,1
8/1/25,9798,4.8,0
7/31/25,16546,7.4,0
7/30/25,6091,2.6,3
7/29/25,13162,5.6,8
7/28/25,14847,7.2,0
7/27/25,27520,11.6,112
7/26/25,10662,4.4,19
7/25/25,5916,2.5,2
7/24/25,5744,2.4,1
7/23/25,7350,3.1,0
7/22/25,10217,4.4,0
7/21/25,12119,5.9,0
7/20/25,14612,6.8,1
7/19/25,14118,7.0,27
7/18/25,8499,3.9,1
7/17/25,11630,5.5,0
7/16/25,5979,2.5,0
7/15/25,10380,4.8,1
7/14/25,4090,1.7,0
7/13/25,12147,5.4,0
7/12/25,11567,5.4,3
7/11/25,13892,6.4,1
7/10/25,2576,1.1,0
7/9/25,5308,2.2,1
7/8/25,4843,2.0,0
7/7/25,7503,3.3,0
7/6/25,12810,5.3,2
7/5/25,16223,6.9,1
7/4/25,13787,5.9,0
7/3/25,16755,7.4,1
7/2/25,13992,6.0,11
7/1/25,15049,7.0,1
6/30/25,7539,3.5,0
6/29/25,12926,6.2,0
6/28/25,11511,5.1,0
6/27/25,10975,4.7,0
6/26/25,11150,5.0,1
6/25/25,13633,5.4,0
6/24/25,11325,5.3,0
6/23/25,6425,2.7,0
6/22/25,12708,5.4,0
6/21/25,14427,7.1,0
6/20/25,9542,3.9,0
6/19/25,13485,6.4,0
6/18/25,7522,3.4,0
6/17/25,10547,4.9,0
6/16/25,10896,5.3,0
6/15/25,11299,4.9,6
6/14/25,23682,10.7,121
6/13/25,12905,5.9,0
6/12/25,8014,3.5,0
6/11/25,11147,5.1,0
6/10/25,4989,2.1,0
6/9/25,11680,5.5,1
6/8/25,13581,6.6,7
6/7/25,10312,4.6,1
6/6/25,12161,5.6,0
6/5/25,12050,5.7,0
6/4/25,11888,5.9,0
6/3/25,15947,8.0,1
6/2/25,8794,6.5,0
6/1/25,15125,7.0,4
5/31/25,14931,6.4,23
5/30/25,12208,5.6,8
5/29/25,14085,6.8,8
5/28/25,8516,3.7,3
5/27/25,11561,5.5,1
5/26/25,13705,6.7,0
5/25/25,12636,6.1,1
5/24/25,10432,4.6,1
5/23/25,13857,6.3,2
5/22/25,11913,5.4,2
5/21/25,12554,6.2,1
5/20/25,11929,5.6,0
5/19/25,13266,6.4,0
5/18/25,16498,8.2,1
5/17/25,13807,8.2,1
5/16/25,15703,8.2,0
5/15/25,10638,5.3,0
5/14/25,11860,5.9,0
5/13/25,11889,6.1,1
5/12/25,14001,6.5,0
5/11/25,12584,6.1,1
5/10/25,19255,9.2,0
5/9/25,13232,6.1,0
5/8/25,10941,5.2,1
5/7/25,12070,5.6,1
5/6/25,12085,5.9,1
5/5/25,8100,3.4,4
5/4/25,12325,5.7,1
5/3/25,14157,6.3,1
5/2/25,11834,5.5,0
5/1/25,8494,3.8,5
4/30/25,12682,6.0,0
4/29/25,10620,4.8,0
4/28/25,10926,5.5,1
4/27/25,11774,5.2,0
4/26/25,12773,5.8,4
4/25/25,6059,2.7,0
4/24/25,9204,4.1,0
4/23/25,9476,4.5,1
4/22/25,3276,1.4,0
4/21/25,3408,1.5,0
4/20/25,11008,4.8,1
4/19/25,17299,8.5,23
4/18/25,15200,7.1,2
4/17/25,7396,3.1,0
4/16/25,7414,3.1,0
4/15/25,6922,3.0,0
4/14/25,9497,4.2,1
4/13/25,12449,5.4,0
4/12/25,4546,2.0,1
4/11/25,4875,2.0,0
4/10/25,12438,5.8,0
4/9/25,5629,2.3,0
4/8/25,5671,2.3,0
4/7/25,4658,2.0,0
4/6/25,10225,4.9,0
4/5/25,9469,4.6,31
4/4/25,4221,1.9,0
4/3/25,7819,3.7,0
4/2/25,3375,1.3,0
4/1/25,106,0.0,0
3/31/25,4597,2.0,0
3/30/25,4145,1.7,0
3/29/25,7935,3.5,0
3/28/25,11030,4.7,4
3/27/25,6863,3.4,0
3/26/25,3089,1.4,0
3/25/25,1100,0.5,0
3/24/25,2946,1.2,0
3/23/25,8378,3.5,6
3/22/25,2202,0.9,0
3/21/25,8169,3.7,1
3/20/25,1478,0.7,0
3/19/25,1154,0.5,0
3/18/25,1124,0.5,0
3/17/25,5004,2.3,3
3/16/25,11904,5.3,1
3/15/25,4344,1.8,2
3/14/25,6179,2.6,0
3/13/25,6945,2.9,8
3/12/25,6541,2.8,1
3/11/25,8125,3.6,1
3/10/25,12809,6.6,2
3/9/25,9484,4.4,0
3/8/25,15160,7.4,7
3/7/25,5608,2.4,0
3/6/25,7856,3.3,0
3/5/25,7428,3.3,1
3/4/25,8311,4.1,0
3/3/25,9441,4.7,2
3/2/25,9368,3.9,0
3/1/25,6997,2.8,2
2/28/25,5057,2.1,1
2/27/25,11274,4.7,0
2/26/25,12407,5.5,1
2/25/25,7882,3.2,0
2/24/25,7844,3.4,0
2/23/25,6224,2.2,5
2/22/25,13886,5.6,0
2/21/25,8880,3.7,0
2/20/25,10791,5.9,0
2/19/25,6833,2.9,0
2/18/25,7258,3.1,0
2/17/25,9034,3.8,0
2/16/25,11311,4.9,4
2/15/25,10150,4.3,6
2/14/25,8172,3.4,0
2/13/25,7115,3.1,0
2/12/25,9875,4.1,0
2/11/25,6753,2.8,0
2/10/25,7621,3.3,0
2/9/25,9415,4.0,0
2/8/25,9660,4.1,0
2/7/25,6948,3.0,0
2/6/25,5167,2.2,1
2/5/25,13401,6.4,6
2/4/25,4717,1.9,3
2/3/25,7877,11.5,2
2/2/25,12212,5.2,0
2/1/25,16297,6.9,4
1/31/25,3666,1.6,0
1/30/25,4082,1.7,0
1/29/25,8039,3.3,0
1/28/25,8938,3.7,0
1/27/25,8863,3.9,2
1/26/25,9891,14.8,0
1/25/25,11997,5.1,2
1/24/25,9611,3.9,0
1/23/25,11125,5.0,0
1/22/25,10619,5.0,0
1/21/25,8704,4.1,0
1/20/25,10106,4.6,0
1/19/25,13771,6.7,2
1/18/25,15855,7.5,7
1/17/25,9658,4.6,0
1/16/25,9445,4.3,0
1/15/25,8166,3.7,0
1/14/25,7728,3.4,0
1/13/25,8550,3.7,0
1/12/25,14643,6.9,1
1/11/25,8379,4.1,1
1/10/25,8725,3.8,4
1/9/25,10984,5.4,0
1/8/25,10798,5.1,0
1/7/25,10659,5.3,1
1/6/25,9697,4.6,0
1/5/25,13945,5.9,8
1/4/25,7880,3.3,1
1/3/25,14506,6.3,2
1/2/25,9596,4.8,0
1/1/25,10293,5.0,2
12/31/24,5985,2.6,0
12/30/24,12683,6.3,0
12/29/24,15105,7.4,0
12/28/24,16866,8.8,0
12/27/24,13617,6.8,0
12/26/24,12203,6.1,0
12/25/24,13574,6.6,0
12/24/24,6763,2.9,1
12/23/24,10000,5.1,0
12/22/24,4775,2.1,0
12/21/24,13814,6.5,1
12/20/24,9920,5.1,0
12/19/24,7279,3.5,0
12/18/24,10521,5.3,0
12/17/24,7844,4.2,0
12/16/24,9897,5.1,0
12/15/24,13038,6.3,0
12/14/24,7000,2.7,14
12/13/24,9044,4.6,0
12/12/24,11772,5.8,0
12/11/24,2672,1.2,0
12/10/24,9391,4.2,0
12/9/24,8178,3.8,0
12/8/24,11341,5.5,0
12/7/24,15036,7.4,2
12/6/24,6057,2.8,2
12/5/24,3175,1.4,1
12/4/24,2297,1.0,1
12/3/24,5442,2.4,0
12/2/24,10036,4.5,0
12/1/24,5057,2.2,1
11/30/24,3635,1.5,1
11/29/24,3835,1.6,1
11/28/24,4254,1.8,1
11/27/24,1229,0.5,5
11/26/24,2780,1.1,2
11/25/24,1092,0.5,2
11/24/24,9699,4.1,50
11/23/24,4055,1.6,10
11/22/24,2569,1.1,2
11/21/24,4925,2.1,0
11/20/24,2341,1.0,5
11/19/24,1423,0.6,10
11/18/24,2308,0.9,13
11/17/24,3059,1.4,1
11/16/24,8543,4.1,4
11/15/24,4779,2.0,0
11/14/24,1676,0.7,8
11/13/24,9002,3.6,5
11/12/24,11622,4.8,6
11/11/24,18860,8.0,17
11/10/24,28652,11.4,13
11/9/24,17428,7.1,9
11/8/24,17365,7.0,20
11/7/24,14173,5.8,1
11/6/24,19322,7.6,4
11/5/24,21802,8.5,6
11/4/24,6168,2.5,2
11/3/24,7946,3.4,4
11/2/24,6131,5.6,15
11/1/24,7430,4.0,4
10/31/24,9860,4.9,2
10/30/24,12921,7.0,2
10/29/24,10847,5.9,2
10/28/24,10899,5.7,3
10/27/24,12525,6.2,1
10/26/24,13401,7.1,4
10/25/24,15397,7.4,2
10/24/24,9531,5.1,0
10/23/24,7905,4.1,0
10/22/24,6131,3.1,0
10/21/24,3636,1.5,0
10/20/24,5998,2.7,0
10/19/24,11599,5.0,17
10/18/24,6009,2.6,0
10/17/24,2956,1.3,0
10/16/24,10830,5.4,3
10/15/24,8620,4.2,1
10/14/24,890,0.3,0
10/13/24,7619,3.0,1
10/12/24,11435,5.2,0
10/11/24,6486,3.0,0
10/10/24,914,0.4,1
10/9/24,8285,3.7,0
10/8/24,4607,2.0,0
10/7/24,6348,3.1,0
10/6/24,8463,3.3,1
10/5/24,8614,3.8,20
10/4/24,3663,1.6,0
10/3/24,1863,0.8,1
10/2/24,2993,1.3,1
10/1/24,803,0.3,1
9/30/24,1181,0.5,0
9/29/24,17567,7.8,6
9/28/24,11481,4.9,5
9/27/24,7181,3.7,0
9/26/24,4481,2.3,0
9/25/24,1902,0.8,0
9/24/24,9476,5.0,0
9/23/24,6205,3.2,0
9/22/24,4665,1.9,0
9/21/24,7555,3.2,0
9/20/24,12095,5.2,1
9/19/24,4782,2.1,1
9/18/24,4285,1.9,0
9/17/24,2470,1.1,0
9/16/24,1552,0.6,0
9/15/24,7013,3.0,1
9/14/24,16160,7.0,33
9/13/24,8656,4.5,1
9/12/24,4607,2.0,0
9/11/24,5575,2.5,0
9/10/24,6486,2.9,0
9/9/24,1093,0.4,0
9/8/24,5589,2.5,6
9/7/24,5353,2.3,7
9/6/24,3086,1.4,0
9/5/24,466,0.2,0
9/4/24,1610,0.7,1
9/3/24,13039,6.6,1
9/2/24,13233,6.5,5
9/1/24,10339,5.0,0
8/31/24,8828,3.8,2
8/30/24,2738,1.2,0
8/29/24,2613,1.3,0
8/28/24,1763,0.8,0
8/27/24,5689,2.6,0
8/26/24,4845,2.2,0
8/25/24,7733,3.6,5
8/24/24,7573,3.9,1
8/23/24,5128,3.0,1
8/22/24,3253,1.4,0
8/21/24,5864,2.5,31
8/20/24,11865,5.7,3
8/19/24,8959,3.9,3
8/18/24,5108,2.2,0
8/17/24,3988,1.7,0
8/16/24,6737,5.3,1
8/15/24,8511,4.3,2
8/14/24,6300,2.7,7
8/13/24,1993,0.8,0
8/12/24,5665,2.4,1
8/11/24,4814,2.1,8
8/10/24,10235,4.4,7
8/9/24,13782,7.6,30
8/8/24,10606,4.4,9
8/7/24,6427,2.9,4
8/6/24,3519,1.5,0
8/5/24,1507,0.7,0
8/4/24,7977,3.6,17
8/3/24,4288,1.9,1
8/2/24,1938,0.8,11
8/1/24,2380,1.0,3
7/31/24,9802,4.4,0
7/30/24,6656,2.8,4
7/29/24,15790,7.1,0
7/28/24,4584,1.9,0
7/27/24,11827,5.2,1
7/26/24,6519,2.9,0
7/25/24,7098,3.1,0
7/24/24,10522,4.6,0
7/23/24,2274,0.9,0
7/22/24,2859,1.2,0
7/21/24,8550,3.7,0
7/20/24,11111,4.7,0
7/19/24,6926,3.0,0
7/18/24,5333,2.2,0
7/17/24,2549,1.1,0
7/16/24,6886,2.9,0
7/15/24,9796,4.6,0
7/14/24,7549,3.7,0
7/13/24,10067,4.3,0
7/12/24,5188,2.2,0
7/11/24,4882,2.0,0
7/10/24,7209,2.9,0
7/9/24,3543,1.4,0
7/8/24,704,0.3,0
7/7/24,4993,2.0,7
7/6/24,8092,3.4,8
7/5/24,3370,1.5,6
7/4/24,7040,3.1,5
7/3/24,6217,2.6,0
7/2/24,5039,2.1,0
7/1/24,7848,3.8,0
6/30/24,5927,2.4,0
6/29/24,9313,4.5,0
6/28/24,2298,1.0,0
6/27/24,5384,2.2,0
6/26/24,9059,4.0,0
6/25/24,5421,2.2,0
6/24/24,4053,1.7,0
6/23/24,8562,3.7,0
6/22/24,9043,3.9,0
6/21/24,7592,3.2,0
6/20/24,6480,2.7,0
6/19/24,6132,2.5,0
6/18/24,11108,4.7,0
6/17/24,12314,5.3,1
6/16/24,3006,1.2,0
6/15/24,3931,1.6,0
6/14/24,1699,0.7,0
6/13/24,5146,2.1,0
6/12/24,7255,3.1,0
6/11/24,7407,3.0,0
6/10/24,6395,2.7,0
6/9/24,6396,2.6,0
6/8/24,8338,3.4,1
6/7/24,4871,2.0,0
6/6/24,4558,2.0,0
6/5/24,5938,3.0,0
6/4/24,6285,3.2,0
6/3/24,5305,2.3,0
6/2/24,7286,2.9,0
6/1/24,8349,3.6,0
5/31/24,9669,4.1,1
5/30/24,3652,1.6,0
5/29/24,4241,1.7,0
5/28/24,2532,1.1,0
5/27/24,9488,4.1,0
5/26/24,9213,4.6,8
5/25/24,3862,1.7,5
5/24/24,2710,1.1,8
5/23/24,5480,2.2,1
5/22/24,2671,1.1,0
5/21/24,3024,1.3,0
5/20/24,4931,2.0,0
5/19/24,10983,5.0,0
5/18/24,6962,3.0,0
5/17/24,1831,0.8,0
5/16/24,8169,5.0,0
5/15/24,2246,0.9,0
5/14/24,2668,1.1,0
5/13/24,2987,1.2,0
5/12/24,6416,2.5,0
5/11/24,10226,4.4,0
5/10/24,10814,4.8,8
5/9/24,19260,8.9,58
5/8/24,7594,3.2,8
5/7/24,3373,1.4,0
5/6/24,5572,3.1,0
5/5/24,4125,1.7,0
5/4/24,5126,2.3,0
5/3/24,2057,0.9,0
5/2/24,6806,2.9,0
5/1/24,8440,3.6,0
4/30/24,889,0.4,0
4/29/24,6292,2.7,0
4/28/24,2938,1.2,2
4/27/24,1331,0.6,8
4/26/24,1071,0.5,7
4/25/24,4206,1.8,6
4/24/24,8468,3.6,10
4/23/24,3889,1.7,1
4/22/24,6618,2.8,0
4/21/24,5284,2.2,1
4/20/24,2997,1.3,0
4/19/24,3434,1.4,0
4/18/24,3202,1.3,0
4/17/24,5705,2.4,1
4/16/24,3910,1.6,0
4/15/24,4089,1.6,0
4/14/24,3946,1.7,0
4/13/24,189,0.1,0
4/12/24,5304,2.3,0
4/11/24,9346,4.1,2
4/10/24,13207,5.2,2
4/9/24,14400,5.9,4
4/8/24,17202,6.9,0
4/7/24,22783,9.6,0
4/6/24,6476,2.6,6
4/5/24,6941,2.9,2
4/4/24,5089,2.5,0
4/3/24,6158,3.1,1
4/2/24,4248,1.8,0
4/1/24,7838,3.8,1
3/31/24,6131,3.2,0
3/30/24,9035,4.5,0
3/29/24,9629,4.0,2
3/28/24,7060,3.0,3
3/27/24,5656,2.4,1
3/26/24,4087,1.8,0
3/25/24,5247,2.2,0
3/24/24,8753,3.9,0
3/23/24,12605,5.8,2
3/22/24,7086,3.5,1
3/21/24,5869,2.5,0
3/20/24,7445,3.2,0
3/19/24,6807,3.1,0
3/18/24,13511,6.0,0
3/17/24,10572,4.9,0
3/16/24,14779,6.7,0
3/15/24,9601,4.5,0
3/14/24,7262,3.6,2
3/13/24,3582,1.6,0
3/12/24,5130,2.2,0
3/11/24,2825,1.2,0
3/10/24,11409,5.6,0
3/9/24,4545,2.0,0
3/8/24,10082,5.0,1
3/7/24,9178,4.6,0
3/6/24,9456,4.3,0
3/5/24,9553,3.8,0
3/4/24,4693,2.0,0
3/3/24,6822,2.8,0
3/2/24,10704,5.9,2
3/1/24,10949,5.0,2
2/29/24,8625,4.0,0
2/28/24,4189,1.8,0
2/27/24,7129,3.0,0
2/26/24,6277,2.6,0
2/25/24,8709,3.8,0
2/24/24,11024,4.7,0
2/23/24,4554,2.0,0
2/22/24,10580,6.1,0
2/21/24,3507,1.5,0
2/20/24,11502,5.3,0
2/19/24,9419,5.5,0
2/18/24,8641,4.2,0
2/17/24,5551,2.6,2
2/16/24,8408,3.9,1
2/15/24,8045,3.6,0
2/14/24,9063,4.1,0
2/13/24,7748,3.9,3
2/12/24,9222,4.3,1
2/11/24,14100,6.4,1
2/10/24,13194,6.2,0
2/9/24,13793,6.6,0
2/8/24,8880,4.6,0
2/7/24,6142,2.6,0
2/6/24,14957,7.7,3
2/5/24,13067,6.1,1
2/4/24,11844,5.3,0
2/3/24,8139,3.5,0
2/2/24,10054,4.6,1
2/1/24,10606,4.6,0
1/31/24,9783,4.4,0
1/30/24,9146,3.9,0
1/29/24,8242,3.5,0
1/28/24,16814,7.7,4
1/27/24,8013,3.8,1
1/26/24,10519,4.6,1
1/25/24,10378,4.3,0
1/24/24,11716,5.0,0
1/23/24,5771,2.4,0
1/22/24,10568,4.5,0
1/21/24,14972,7.5,1
1/20/24,10364,4.5,0
1/19/24,13440,5.8,0
1/18/24,5498,2.5,0
1/17/24,4927,2.1,0
1/16/24,4780,2.0,5
1/15/24,7414,3.3,3
1/14/24,5929,2.6,12
1/13/24,9663,4.4,2
1/12/24,7474,3.0,3
1/11/24,5417,2.4,6
1/10/24,2373,1.1,9
1/9/24,2837,1.2,9
1/8/24,2138,1.0,8
1/7/24,5914,2.6,13
1/6/24,2789,1.2,3
1/5/24,6580,2.8,9
1/4/24,3020,1.3,6
1/3/24,2999,1.3,4
1/2/24,7977,3.5,5
1/1/24,11101,4.6,4
12/31/23,9668,3.8,6
12/30/23,9482,4.0,3
12/29/23,7448,3.3,0
12/28/23,5306,2.3,0
12/27/23,7166,3.1,0
12/26/23,3847,1.7,3
12/25/23,5315,2.3,6
12/24/23,7016,3.1,14
12/23/23,8046,3.4,3
12/22/23,9021,4.0,6
12/21/23,8151,3.6,0
12/20/23,8761,4.0,0
12/19/23,4008,1.8,0
12/18/23,4689,2.0,0
12/17/23,8345,3.6,0
12/16/23,8536,3.7,0
12/15/23,3566,1.6,1
12/14/23,3713,1.6,0
12/13/23,4659,2.1,0
12/12/23,5151,2.3,0
12/11/23,7903,3.4,0
12/10/23,5147,2.2,0
12/9/23,6039,2.6,3
12/8/23,6174,2.7,0
12/7/23,7257,3.2,0
12/6/23,6369,2.7,0
12/5/23,7122,3.1,0
12/4/23,1752,0.8,0
12/3/23,5061,2.1,0
12/2/23,6924,3.0,0
12/1/23,7293,3.1,0
11/30/23,4771,2.1,0
11/29/23,2721,1.1,0
11/28/23,2305,1.0,1
11/27/23,2739,1.2,0
11/26/23,7069,3.1,1
11/25/23,9593,4.1,0
11/24/23,7544,3.4,3
11/23/23,9988,4.8,0
11/22/23,5530,2.8,0
11/21/23,7352,3.3,0
11/20/23,9515,4.2,0
11/19/23,6483,2.8,0
11/18/23,5310,2.3,2
11/17/23,6242,2.8,0
11/16/23,2642,1.1,0
11/15/23,6419,2.9,0
11/14/23,4560,1.9,0
11/13/23,6368,2.6,0
11/12/23,4612,1.7,0
11/11/23,8883,4.1,0
11/10/23,6603,2.8,0
11/9/23,6052,2.7,0
11/8/23,5162,2.1,0
11/7/23,5023,2.2,0
11/6/23,4154,1.9,0
11/5/23,4826,2.1,2
11/4/23,8052,3.5,0
11/3/23,3854,1.7,0
11/2/23,3357,1.5,0
11/1/23,3962,1.7,0
10/31/23,2422,1.0,0
10/30/23,3647,1.6,0
10/29/23,8220,3.7,0
10/28/23,4525,1.8,1
10/27/23,2784,1.0,0
10/26/23,3445,1.5,0
10/25/23,5542,2.4,0
10/24/23,3173,1.4,0
10/23/23,1869,0.7,0
10/22/23,5613,2.2,1
10/21/23,5724,2.5,0
10/20/23,3932,1.7,0
10/19/23,4839,2.1,0
10/18/23,2368,1.0,0
10/17/23,1228,0.5,0
10/16/23,2113,0.8,0
10/15/23,9450,3.6,2
10/14/23,947,0.4,0
10/13/23,612,0.2,0
10/12/23,8260,3.7,0
10/11/23,2499,1.1,0
10/10/23,2337,1.0,1
10/9/23,5059,2.3,0
10/8/23,4383,1.9,0
10/7/23,1648,0.6,0
10/6/23,644,0.3,0
10/5/23,1415,0.5,0
10/4/23,10693,4.2,2
10/3/23,22947,9.5,5
10/2/23,5526,2.3,3
10/1/23,14903,6.2,7
9/30/23,4886,2.0,3
9/29/23,5840,2.8,0
9/28/23,4463,1.9,0
9/27/23,2998,1.2,0
9/26/23,5196,2.5,0
9/25/23,4565,2.1,0
9/24/23,6244,2.7,0
9/23/23,4480,2.0,0
9/22/23,2917,1.2,0
9/21/23,3620,1.5,0
9/20/23,5758,2.7,1
9/19/23,2695,1.2,0
9/18/23,469,0.2,0
9/17/23,4017,1.7,2
9/16/23,5211,2.2,4
9/15/23,8382,4.0,14
9/14/23,8313,3.7,2
9/13/23,4215,1.8,0
9/12/23,3737,1.6,0
9/11/23,4254,2.0,0
9/10/23,810,0.4,0
9/9/23,573,0.2,0
9/8/23,2171,0.9,1
9/7/23,5373,2.3,1
9/6/23,3450,1.5,0
9/5/23,2331,0.9,0
9/4/23,10740,4.5,7
9/3/23,13116,5.4,53
9/2/23,5752,2.3,1
9/1/23,12740,5.2,9
8/31/23,5948,2.5,1
8/30/23,3642,1.5,0
8/29/23,3291,1.3,0
8/28/23,7737,3.6,0
8/27/23,6360,2.7,0
8/26/23,3095,1.3,0
8/25/23,8086,4.0,0
8/24/23,3735,1.6,0
8/23/23,4448,1.9,0
8/22/23,2998,1.3,0
8/21/23,8209,3.9,1
8/20/23,6344,2.7,1
8/19/23,5800,2.4,0
8/18/23,1596,0.7,3
8/17/23,1351,0.5,0
8/16/23,5905,2.5,9
8/15/23,4668,2.0,2
8/14/23,4528,1.9,4
8/13/23,4334,1.8,3
8/12/23,6894,2.8,0
8/11/23,4023,1.7,0
8/10/23,3472,1.4,0
8/9/23,4264,1.8,0
8/8/23,7019,3.0,0
8/7/23,4468,1.9,0
8/6/23,9912,4.2,0
8/5/23,3043,1.2,0
8/4/23,3417,1.5,0
8/3/23,5031,2.2,0
8/2/23,4338,1.8,0
8/1/23,1204,0.5,0
7/31/23,3168,1.3,0
7/30/23,6938,3.1,0
7/29/23,2882,1.2,0
7/28/23,3682,1.6,0
7/27/23,462,0.2,0
7/26/23,6146,2.6,1
7/25/23,5843,2.5,1
7/24/23,12805,5.6,3
7/23/23,15845,7.6,1
7/22/23,9754,4.1,1
7/21/23,5794,2.4,0
7/20/23,2746,1.2,7
7/19/23,7042,3.0,10
7/18/23,2852,1.2,11
7/17/23,1436,0.6,7
7/16/23,4696,1.9,12
7/15/23,10568,4.6,12
7/14/23,8917,3.9,1
7/13/23,5045,2.2,0
7/12/23,4928,2.1,0
7/11/23,3227,1.4,1
7/10/23,6934,3.0,0
7/9/23,6730,2.9,0
7/8/23,8071,3.4,5
7/7/23,5141,2.2,0
7/6/23,3466,1.5,0
7/5/23,3388,1.4,0
7/4/23,9467,4.0,0
7/3/23,7693,3.2,1
7/2/23,8691,3.6,0
7/1/23,5140,2.2,0
6/30/23,3471,1.5,0
6/29/23,5414,2.4,0
6/28/23,5871,2.5,0
6/27/23,4225,1.8,0
6/26/23,11556,5.1,0
6/25/23,2720,1.0,0
6/24/23,1707,0.7,0
6/23/23,7450,3.3,0
6/22/23,4586,2.0,0
6/21/23,3088,1.3,0
6/20/23,7210,3.3,0
6/19/23,3445,1.5,0
6/18/23,2714,1.0,0
6/17/23,2078,0.9,0
6/16/23,5093,2.2,0
6/15/23,5669,2.6,0
6/14/23,5814,2.5,0
6/13/23,2425,1.0,0
6/12/23,3349,1.4,2
6/11/23,9446,3.9,2
6/10/23,6849,3.0,1
6/9/23,6672,2.9,0
6/8/23,3633,1.5,0
6/7/23,5943,2.6,0
6/6/23,5642,2.6,0
6/5/23,5325,2.4,0
6/4/23,5475,2.3,0
6/3/23,8772,3.8,0
6/2/23,8337,3.8,0
6/1/23,3588,1.5,0
5/31/23,5778,2.6,0
5/30/23,12164,5.4,0
5/29/23,8218,3.5,0
5/28/23,10984,5.3,1
5/27/23,10910,5.0,8
5/26/23,7644,3.3,1
5/25/23,7888,3.7,0
5/24/23,3891,1.7,8
5/23/23,3244,1.4,8
5/22/23,8719,3.7,6
5/21/23,8820,3.8,1
5/20/23,10721,4.7,10
5/19/23,5170,2.2,20
5/18/23,5605,2.5,2
5/17/23,7014,3.2,0
5/16/23,9492,4.7,0
5/15/23,7493,3.7,0
5/14/23,11541,5.3,0
5/13/23,11287,5.7,0
5/12/23,8268,3.9,0
5/11/23,9666,4.8,0
5/10/23,6862,3.3,0
5/9/23,8004,3.9,3
5/8/23,8646,3.9,0
5/7/23,7083,3.4,1
5/6/23,5533,2.4,0
5/5/23,9896,4.5,3
5/4/23,6118,2.7,2
5/3/23,1882,0.8,0
5/2/23,7393,3.4,0
5/1/23,9596,4.4,0
4/30/23,11512,5.1,0
4/29/23,12111,5.2,2
4/28/23,6381,2.9,0
4/27/23,10469,4.6,1
4/26/23,8966,3.8,0
4/25/23,10341,4.4,0
4/24/23,5847,2.5,2
4/23/23,9416,4.0,3
4/22/23,8468,3.5,0
4/21/23,2819,1.2,0
4/20/23,4782,1.9,3
4/19/23,6963,2.9,0
4/18/23,3743,1.6,0
4/17/23,3557,1.6,0
4/16/23,4809,2.0,1
4/15/23,1470,0.6,0
4/14/23,4362,1.9,1
4/13/23,4633,2.0,0
4/12/23,4746,2.2,0
4/11/23,2485,1.0,0
4/10/23,4995,2.1,1
4/9/23,3105,1.2,0
4/8/23,5625,2.6,0
4/7/23,4772,2.3,0
4/6/23,5000,2.1,0
4/5/23,3108,1.3,0
4/4/23,3108,1.3,1
4/3/23,3351,1.4,0
4/2/23,6981,2.9,2
4/1/23,4526,1.9,1
3/31/23,7638,3.1,0
3/30/23,6110,2.5,0
3/29/23,2473,1.0,0
3/28/23,4072,2.0,0
3/27/23,9010,3.5,0
3/26/23,10801,4.5,0
3/25/23,1451,0.6,0
3/24/23,2996,1.3,0
3/23/23,5190,2.2,0
3/22/23,4527,2.0,0
3/21/23,3627,1.6,0
3/20/23,3046,1.3,0
3/19/23,3221,1.3,0
3/18/23,2032,0.9,0
3/17/23,2998,1.3,0
3/16/23,5864,2.5,0
3/15/23,3138,1.4,0
3/14/23,3165,1.4,0
3/13/23,4152,1.8,0
3/12/23,2770,1.2,1
3/11/23,1374,0.6,0
3/10/23,433,0.2,0
3/9/23,4425,1.8,0
3/8/23,3661,1.5,0
3/7/23,4273,1.7,1
3/6/23,5446,2.4,0
3/5/23,4821,2.1,0
3/4/23,3494,1.5,0
3/3/23,3112,1.3,0
3/2/23,4038,1.7,0
3/1/23,2959,1.3,0
2/28/23,4678,2.0,0
2/27/23,7911,4.0,0
2/26/23,5554,2.4,0
2/25/23,5162,2.2,0
2/24/23,5275,2.2,1
2/23/23,4263,1.8,0
2/22/23,7793,4.4,0
2/21/23,4149,1.8,0
2/20/23,5688,2.5,0
2/19/23,6432,2.8,0
2/18/23,6563,2.8,0
2/17/23,5983,2.6,0
2/16/23,3843,1.7,0
2/15/23,4676,2.0,0
2/14/23,6510,2.7,1
2/13/23,9045,3.8,5
2/12/23,8335,3.9,7
2/11/23,9344,4.0,5
2/10/23,4792,2.0,0
2/9/23,6864,3.1,0
2/8/23,5269,2.2,0
2/7/23,6658,2.8,2
2/6/23,5045,2.1,0
2/5/23,9081,3.9,0
2/4/23,9830,3.9,6
2/3/23,14561,6.8,4
2/2/23,6051,2.6,0
2/1/23,3637,1.7,0
1/31/23,2744,1.1,0
1/30/23,3617,1.6,0
1/29/23,7117,3.1,0
1/28/23,5746,2.4,0
1/27/23,3884,1.7,0
1/26/23,2637,1.1,0
1/25/23,19387,7.7,18
1/24/23,9221,3.9,2
1/23/23,7201,3.0,7
1/22/23,11966,5.0,9
1/21/23,5576,2.3,2
1/20/23,2971,1.1,0
1/19/23,3567,1.5,0
1/18/23,4007,1.7,0
1/17/23,7169,3.0,0
1/16/23,4415,1.8,0
1/15/23,5022,2.1,0
1/14/23,7999,3.4,0
1/13/23,6525,2.8,0
1/12/23,7793,4.0,0
1/11/23,8572,4.3,0
1/10/23,9040,4.5,3
1/9/23,3303,1.4,0
1/8/23,8134,3.4,3
1/7/23,12094,5.0,1
1/6/23,3141,1.4,0
1/5/23,5952,2.5,0
1/4/23,3634,1.9,0
1/3/23,7106,3.8,0
1/2/23,5670,2.4,1
1/1/23,3742,1.6,0
12/31/22,6260,2.7,0
12/30/22,7800,3.2,1
12/29/22,11470,4.9,2
12/28/22,4483,1.8,1
12/27/22,4611,2.0,2
12/26/22,6321,2.6,17
12/25/22,4851,2.1,9
12/24/22,4376,1.8,6
12/23/22,4917,2.0,7
12/22/22,2603,1.1,8
12/21/22,1368,0.6,3
12/20/22,1129,0.5,2
12/19/22,2018,0.9,6
12/18/22,2355,1.0,0
12/17/22,1249,0.5,3
12/16/22,3499,1.5,2
12/15/22,5228,2.1,3
12/14/22,4182,1.7,2
12/13/22,2538,1.0,0
12/12/22,5114,2.1,0
12/11/22,4421,1.8,0
12/10/22,6762,3.4,0
12/9/22,5222,2.1,0
12/8/22,717,0.3,0
12/7/22,5429,2.2,0
12/6/22,6618,2.6,5
12/5/22,2209,0.9,3
12/4/22,3077,1.3,2
12/3/22,4470,2.0,3
12/2/22,947,0.4,1
12/1/22,4685,1.9,12
11/30/22,4549,1.8,0
11/29/22,5288,2.3,0
11/28/22,7222,3.0,0
11/27/22,4458,2.0,0
11/26/22,10112,4.3,4
11/25/22,4000,1.7,1
11/24/22,15525,7.5,1
11/23/22,4104,1.8,1
11/22/22,4407,1.9,0
11/21/22,4728,2.0,0
11/20/22,7248,3.2,0
11/19/22,3023,1.3,0
11/18/22,4607,1.9,0
11/17/22,5530,2.4,0
11/16/22,8046,3.9,4
11/15/22,4719,2.0,0
11/14/22,9124,4.0,0
11/13/22,3959,1.9,0
11/12/22,2110,0.9,0
11/11/22,6378,2.6,0
11/10/22,3502,1.4,1
11/9/22,4010,1.7,1
11/8/22,4372,1.9,0
11/7/22,4340,1.8,0
11/6/22,5288,2.2,0
11/5/22,2892,1.2,2
11/4/22,4970,2.0,0
11/3/22,7220,3.0,0
11/2/22,6891,2.8,0
11/1/22,5717,2.9,0
10/31/22,5513,2.3,0
10/30/22,3050,1.3,0
10/29/22,9288,4.0,15
10/28/22,11175,4.8,27
10/27/22,6237,2.7,11
10/26/22,3310,1.4,7
10/25/22,3153,1.3,4
10/24/22,2094,0.9,4
10/23/22,3155,1.3,5
10/22/22,9563,4.2,45
10/21/22,2249,1.0,5
10/20/22,1462,0.6,6
10/19/22,2162,0.9,4
10/18/22,2295,0.9,12
10/17/22,808,0.3,5
10/16/22,4692,1.9,8
10/15/22,4961,2.1,6
10/14/22,3580,1.5,1
10/13/22,1786,0.7,0
10/12/22,2059,0.9,0
10/11/22,1372,0.6,0
10/10/22,2124,0.9,0
10/9/22,3626,1.5,0
10/8/22,7628,3.1,3
10/7/22,4645,1.9,1
10/6/22,4212,1.7,0
10/5/22,1962,0.8,0
10/4/22,4153,2.3,1
10/3/22,2601,1.0,0
10/2/22,10459,4.4,2
10/1/22,7712,3.3,3
9/30/22,1291,0.5,0
9/29/22,911,0.4,0
9/28/22,664,0.3,0
9/27/22,739,0.3,0
9/26/22,5512,3.2,1
9/25/22,4310,1.8,4
9/24/22,502,0.2,0
9/23/22,3076,1.2,1
9/22/22,2661,1.1,2
9/21/22,3610,1.5,2
9/20/22,2352,0.9,0
9/19/22,5676,3.4,1
9/18/22,9588,4.6,1
9/17/22,4844,2.0,2
9/16/22,10278,5.7,2
9/15/22,2623,1.1,4
9/14/22,5147,3.0,0
9/13/22,7572,3.8,6
9/12/22,3329,1.5,2
9/11/22,6277,3.8,0
9/10/22,3534,1.6,2
9/9/22,7510,3.8,3
9/8/22,1325,0.6,1
9/7/22,11577,6.3,2
9/6/22,2496,1.1,2
9/5/22,4116,1.7,3
9/4/22,9095,3.8,1
9/3/22,6794,2.8,1
9/2/22,6542,3.4,1
9/1/22,632,0.2,0
8/31/22,9269,4.6,2
8/30/22,6819,3.7,0
8/29/22,5230,2.7,0
8/28/22,7213,3.8,0
8/27/22,2755,1.1,0
8/26/22,2523,1.1,5
8/25/22,3804,1.6,5
8/24/22,2130,0.9,7
8/23/22,2050,0.8,1
8/22/22,2997,1.3,0
8/21/22,9094,4.7,3
8/20/22,3053,1.3,1
8/19/22,1424,0.6,0
8/18/22,3154,1.4,0
8/17/22,2422,1.0,0
8/16/22,4309,1.9,0
8/15/22,4784,2.1,0
8/14/22,4873,2.1,0
8/13/22,13437,6.4,2
8/12/22,2527,1.1,1
8/11/22,3038,1.3,0
8/10/22,4937,2.2,0
8/9/22,5152,2.2,0
8/8/22,5862,2.5,0
8/7/22,1627,0.7,0
8/6/22,4566,2.0,4
8/5/22,5570,2.4,0
8/4/22,5628,2.5,0
8/3/22,4679,1.9,0
8/2/22,4856,2.1,0
8/1/22,5422,2.3,0
7/31/22,7484,3.1,8
7/30/22,7031,3.0,0
7/29/22,5434,2.3,0
7/28/22,5925,2.4,0
7/27/22,2414,1.0,3
7/26/22,3631,1.5,4
7/25/22,3201,1.3,4
7/24/22,1755,0.7,2
7/23/22,4562,2.0,16
7/22/22,3018,1.3,2
7/21/22,3750,1.6,13
7/20/22,6914,3.0,0
7/19/22,3992,1.7,0
7/18/22,2650,1.1,0
7/17/22,11432,5.3,3
7/16/22,4187,1.7,1
7/15/22,7128,3.2,0
7/14/22,9300,4.5,0
7/13/22,7372,3.5,0
7/12/22,5474,2.4,0
7/11/22,7559,3.7,0
7/10/22,3870,1.5,1
7/9/22,5543,2.2,0
7/8/22,6583,3.0,0
7/7/22,6293,3.3,0
7/6/22,1894,0.7,0
7/5/22,5479,2.4,0
7/4/22,7235,3.2,1
7/3/22,6070,2.2,1
7/2/22,9376,4.3,0
7/1/22,4162,1.7,0
6/30/22,5344,2.3,2
6/29/22,4292,1.9,0
6/28/22,5297,2.2,0
6/27/22,4800,2.2,0
6/26/22,2115,0.8,0
6/25/22,7660,3.0,0
6/24/22,4104,1.7,9
6/23/22,1488,0.6,0
6/21/22,4113,1.6,9
6/20/22,5498,2.1,20
6/19/22,10404,3.7,17
6/18/22,7425,3.6,1
6/17/22,9115,4.1,0
6/16/22,6171,2.8,0
6/15/22,4571,2.1,0
6/14/22,12193,6.2,1
6/13/22,5560,2.4,0
6/12/22,9851,3.4,6
6/11/22,2463,0.9,3
6/10/22,11842,4.7,16
6/9/22,4013,1.7,8
6/8/22,12033,5.8,8
6/7/22,3969,1.7,6
6/6/22,4423,1.7,3
6/5/22,8141,3.3,16
6/4/22,9706,4.8,10
6/3/22,5377,2.3,14
6/2/22,6812,2.9,7
6/1/22,5862,2.5,10
5/31/22,4285,1.9,11
5/30/22,4842,2.2,4
5/29/22,9826,4.4,4
5/28/22,12951,5.6,5
5/27/22,15481,7.0,7
5/26/22,5984,2.6,7
5/25/22,5106,2.2,12
5/24/22,5915,2.7,7
5/23/22,6868,3.2,9
5/22/22,12809,6.4,7
5/21/22,4921,2.2,6
5/20/22,5734,2.4,13
5/19/22,4682,2.2,12
5/18/22,3094,1.3,7
5/17/22,7554,3.6,9
5/16/22,5878,2.6,12
5/15/22,2754,1.0,4
5/14/22,2779,1.1,3
5/13/22,10003,4.4,17
5/12/22,11882,5.6,12
5/11/22,9538,4.0,2
5/10/22,2825,1.2,4
5/9/22,1056,0.4,1
5/8/22,3345,1.5,4
5/7/22,10947,5.2,7
5/6/22,3765,1.6,6
5/5/22,4979,2.3,10
5/4/22,6112,3.0,8
5/3/22,6982,3.3,17
5/2/22,3161,1.4,3
5/1/22,3602,1.5,5
4/30/22,18149,8.7,22
4/29/22,7814,4.0,12
4/28/22,7118,3.7,15
4/27/22,7645,3.5,9
4/26/22,5169,2.3,7
4/25/22,7077,3.4,11
4/24/22,5116,2.2,6
4/23/22,10596,5.2,20
4/22/22,2829,1.3,8
4/21/22,3535,1.6,7
4/20/22,2160,1.0,7
4/19/22,4983,2.3,7
4/18/22,4937,2.2,6
4/17/22,2165,0.8,7
4/16/22,6321,3.0,1
4/15/22,7552,3.9,2
4/14/22,7771,3.1,1
4/13/22,8471,3.6,3
4/12/22,5915,3.1,1
4/11/22,9182,4.8,0
4/10/22,3745,1.7,4
4/9/22,8810,3.8,17
4/8/22,4635,2.1,2
4/7/22,3605,1.6,5
4/6/22,5014,2.2,6
4/5/22,1355,0.5,2
4/4/22,6509,3.0,12
4/3/22,7272,2.9,5
4/2/22,4554,2.1,6
4/1/22,8191,3.8,10
3/31/22,5488,2.8,2
3/30/22,9722,4.9,4
3/29/22,8582,4.2,1
3/28/22,3467,1.4,0
3/27/22,7536,3.7,0
3/26/22,6496,3.4,2
3/25/22,8370,4.8,1
3/24/22,5186,2.3,1
3/23/22,4190,1.7,2
3/22/22,9802,5.6,0
3/21/22,13170,7.1,1
3/20/22,6150,2.7,3
3/19/22,7240,3.5,5
3/18/22,1479,0.7,0
3/17/22,5604,2.9,5
3/16/22,5245,2.5,5
3/15/22,8370,4.9,12
3/14/22,7403,3.5,18
3/13/22,11571,5.1,9
3/12/22,4594,2.0,14
3/11/22,7195,3.9,19
3/10/22,4112,1.9,5
3/9/22,5967,2.8,9
3/8/22,5895,2.6,10
3/7/22,6667,3.4,17
3/6/22,16797,6.6,9
3/5/22,11440,5.1,3
3/4/22,18299,8.7,27
3/3/22,8942,4.0,18
3/2/22,8626,4.6,29
3/1/22,7430,4.4,22
2/28/22,8605,4.9,25
2/27/22,14133,7.7,18
2/26/22,10885,5.2,20
2/25/22,4710,2.2,12
2/24/22,4876,2.5,26
2/23/22,7335,3.7,8
2/22/22,6676,3.6,26
2/21/22,3611,1.7,5
2/20/22,12211,6.2,11
2/19/22,8878,5.0,14
2/18/22,6861,3.1,16
2/17/22,4327,1.9,7
2/16/22,3219,1.5,7
2/15/22,1494,0.7,8
2/14/22,2291,1.0,5
2/13/22,3157,1.4,7
2/12/22,8802,4.5,11
2/11/22,8020,3.7,10
2/10/22,5246,2.4,6
2/9/22,3047,1.3,3
2/8/22,3986,1.8,10
2/7/22,5964,3.2,22
2/6/22,5709,2.6,7
2/5/22,3259,1.4,10
2/4/22,2836,1.3,11
2/3/22,1448,0.6,6
2/2/22,1603,0.7,3
2/1/22,1817,0.8,2
1/31/22,496,0.2,0
1/30/22,4148,1.9,5
1/29/22,4005,1.7,3
1/28/22,4173,1.9,7
1/27/22,4681,2.2,8
1/26/22,4257,1.8,3
1/25/22,5292,2.3,13
1/24/22,516,0.2,1
1/23/22,3628,1.6,3
1/22/22,3599,1.6,5
1/21/22,1339,0.6,1
1/20/22,2895,1.3,8
1/19/22,3392,1.5,4
1/18/22,2963,1.3,2
1/17/22,392,0.2,2
1/16/22,2180,1.0,2
1/15/22,3867,1.7,5
1/14/22,2940,1.3,4
1/13/22,3061,1.4,13
1/12/22,2589,1.2,3
1/11/22,1115,0.5,3
1/10/22,789,0.3,3
1/9/22,1461,0.6,2
1/8/22,2207,1.0,5
1/7/22,1923,0.9,4
1/6/22,942,0.4,2
1/5/22,1434,0.6,5
1/4/22,2558,1.1,3
1/3/22,1958,0.9,5
1/2/22,6693,3.0,16
1/1/22,9096,4.1,1
12/31/21,4457,1.8,8
12/30/21,11502,5.0,8
12/29/21,6736,3.0,7
12/28/21,4120,1.8,5
12/27/21,1678,0.7,4
12/26/21,9059,4.0,18
12/25/21,6388,2.9,6
12/24/21,5472,2.4,10
12/23/21,2101,1.0,7
12/22/21,5393,2.2,14
12/21/21,6774,3.2,5
12/20/21,4142,1.9,4
12/19/21,2629,1.2,5
12/18/21,4544,2.1,5
12/17/21,1845,0.8,6
12/16/21,1812,0.8,3
12/15/21,1815,0.8,5
12/14/21,2754,1.3,3
12/13/21,2554,1.1,5
12/12/21,3865,1.7,4
12/11/21,3889,1.7,5
12/10/21,2859,1.3,3
12/9/21,2280,1.0,7
12/8/21,3010,1.3,5
12/7/21,3280,1.5,6
12/6/21,3181,1.4,4
12/5/21,7638,3.3,10
12/4/21,4434,2.2,7
12/3/21,1459,0.7,1
12/2/21,1882,1.0,6
12/1/21,5244,2.3,5
11/30/21,845,0.4,0
11/29/21,2080,0.9,6
11/28/21,3380,1.7,1
11/27/21,3393,1.6,3
11/26/21,4316,2.0,12
11/25/21,2640,1.2,3
11/24/21,3396,1.4,4
11/23/21,1939,0.9,5
11/22/21,2634,1.2,6
11/21/21,1763,0.8,4
11/20/21,2247,1.0,2
11/19/21,1957,0.9,4
11/18/21,4369,1.9,5
11/17/21,2385,1.1,6
11/16/21,4478,1.8,5
11/15/21,3896,1.5,3
11/14/21,1245,0.5,5
11/13/21,4615,1.9,3
11/12/21,1972,0.9,6
11/11/21,4262,2.0,10
11/10/21,5279,2.2,3
11/9/21,4678,1.9,1
11/8/21,3848,1.6,2
11/7/21,6781,2.7,11
11/6/21,12349,5.7,9
11/5/21,10345,4.6,6
11/4/21,5454,2.5,9
11/3/21,5459,2.3,7
11/2/21,6432,2.7,8
11/1/21,6584,2.8,10
10/31/21,13816,6.1,7
10/30/21,11307,5.9,23
10/29/21,6834,3.0,4
10/28/21,2075,0.9,0
10/27/21,8558,3.7,6
10/26/21,6536,3.0,8
10/25/21,6556,3.9,17
10/24/21,8418,3.6,2
10/23/21,19321,8.9,17
10/22/21,1778,0.8,6
10/21/21,1288,0.6,4
10/20/21,2898,1.3,7
10/19/21,6634,2.7,8
10/18/21,2005,0.9,4
10/17/21,9859,4.9,12
10/16/21,12946,6.0,8
10/15/21,2539,1.1,4
10/14/21,2982,1.4,17
10/13/21,1161,0.5,10
10/12/21,5176,2.4,7
10/11/21,2084,1.0,4
10/10/21,12708,6.3,5
10/9/21,9935,4.7,13
10/8/21,2492,1.1,6
10/7/21,1895,0.8,2
10/6/21,10581,5.8,27
10/5/21,6742,3.1,6
10/4/21,13641,6.2,22
10/3/21,13359,7.4,26
10/2/21,3712,1.7,9
10/1/21,12979,5.4,22
9/30/21,8839,4.8,41
9/29/21,7351,3.7,8
9/28/21,3948,1.7,3
9/27/21,10688,6.6,37
9/26/21,14532,6.7,20
9/25/21,14638,8.7,32
9/24/21,4391,2.0,5
9/23/21,4335,1.9,5
9/22/21,12377,7.0,34
9/21/21,9735,4.3,1
9/20/21,8361,3.9,8
9/19/21,8692,3.7,3
9/18/21,11464,5.6,14
9/17/21,8320,4.9,16
9/16/21,7242,3.6,8
9/15/21,12626,6.6,33
9/14/21,13009,6.4,6
9/13/21,13768,6.4,16
9/12/21,14113,5.6,10
9/11/21,14421,7.7,51
9/10/21,9140,3.9,21
9/9/21,7633,3.4,10
9/8/21,13201,6.1,18
9/7/21,16452,8.2,0
9/6/21,22159,12.4,0
9/5/21,16924,8.6,6
9/4/21,15932,8.5,3
9/3/21,13987,6.7,13
9/2/21,8264,3.8,9
9/1/21,11656,5.9,13
8/31/21,14087,7.4,32
8/30/21,7994,3.9,8
8/29/21,18932,10.5,22
8/28/21,12206,6.9,37
8/27/21,9452,4.3,9
8/26/21,11759,6.6,40
8/25/21,11540,6.6,43
8/24/21,15990,8.1,32
8/23/21,2763,1.2,7
8/22/21,17210,9.2,29
8/21/21,6940,3.2,13
8/20/21,10026,5.2,24
8/19/21,10040,5.3,30
8/18/21,10848,5.6,27
8/17/21,10201,5.4,28
8/16/21,11611,6.1,33
8/15/21,13992,7.6,35
8/14/21,6403,3.1,5
8/13/21,11444,5.9,29
8/12/21,9826,5.2,11
8/11/21,10750,5.1,10
8/10/21,3707,1.7,6
8/9/21,10117,5.4,33
8/8/21,9629,5.3,9
8/7/21,11054,5.6,48
8/6/21,9475,4.2,14
8/5/21,3739,1.7,7
8/4/21,7178,3.4,8
8/3/21,12266,6.1,9
8/2/21,4312,1.9,6
8/1/21,3049,1.3,8
7/31/21,9223,4.0,12
7/30/21,7686,3.4,17
7/29/21,1968,0.8,13
7/28/21,5449,2.7,3
7/27/21,2931,1.3,3
7/26/21,5535,2.6,6
7/25/21,12442,6.4,10
7/24/21,4228,1.7,10
7/23/21,10569,4.5,8
7/22/21,3186,1.5,10
7/21/21,3052,1.4,8
7/20/21,1985,0.8,2
7/19/21,4038,1.8,13
7/18/21,5541,2.4,9
7/17/21,11372,5.3,11
7/16/21,3492,1.5,8
7/15/21,4678,2.3,8
7/14/21,8583,4.3,13
7/13/21,5219,2.6,6
7/12/21,3885,1.7,10
7/11/21,10526,4.7,40
7/10/21,10827,5.1,13
7/9/21,5551,2.4,13
7/8/21,5289,2.3,10
7/7/21,3968,1.8,8
7/6/21,3634,1.6,8
7/5/21,3614,1.6,3
7/4/21,5649,2.5,8
7/3/21,3965,1.8,6
7/2/21,4475,2.0,5
7/1/21,3455,1.6,8
6/30/21,4025,1.9,11
6/29/21,3597,1.6,7
6/28/21,4305,1.9,10
6/27/21,11814,5.6,48
6/26/21,5496,2.4,15
6/25/21,1860,0.8,5
6/24/21,4824,2.2,10
6/23/21,2990,1.3,9
6/22/21,8658,4.2,14
6/21/21,3009,1.3,7
6/20/21,4337,1.9,12
6/19/21,2433,1.0,2
6/18/21,7450,3.2,22
6/17/21,3704,1.7,11
6/16/21,3179,1.4,9
6/15/21,3666,1.6,10
6/14/21,4147,2.0,6
6/13/21,6928,2.9,8
6/12/21,4722,2.1,11
6/11/21,2623,1.2,10
6/10/21,2764,1.3,4
6/9/21,3298,1.5,8
6/8/21,2221,1.0,8
6/7/21,5800,2.6,7
6/6/21,4966,2.3,8
6/5/21,4402,2.0,9
6/4/21,3442,1.6,8
6/3/21,2938,1.3,10
6/2/21,1359,0.6,8
6/1/21,5065,2.2,20
5/31/21,11461,6.1,4
5/30/21,15160,7.8,7
5/29/21,5729,2.5,3
5/28/21,6843,3.7,9
5/27/21,4703,2.1,10
5/26/21,4739,2.1,14
5/25/21,2772,1.2,8
5/24/21,7294,4.1,6
5/23/21,10137,5.2,13
5/22/21,6851,3.5,13
5/21/21,8345,4.1,12
5/20/21,6588,3.8,13
5/19/21,8564,4.2,10
5/18/21,5251,2.4,19
5/17/21,1577,0.7,10
5/16/21,4397,2.0,8
5/15/21,2820,1.2,9
5/14/21,4073,1.8,8
5/13/21,6585,3.6,6
5/12/21,1977,0.8,8
5/11/21,1917,0.8,7
5/10/21,5708,2.9,3
5/9/21,7389,3.3,26
5/8/21,3286,1.3,2
5/7/21,6920,3.2,10
5/6/21,9228,5.1,7
5/5/21,4825,2.2,8
5/4/21,5848,3.1,10
5/3/21,8639,4.6,7
5/2/21,7274,4.0,6
5/1/21,5642,2.3,12
4/30/21,8547,4.7,22
4/29/21,5506,2.5,7
4/28/21,8620,3.9,11
4/27/21,2204,1.0,7
4/26/21,5122,2.4,11
4/25/21,1780,0.8,3
4/24/21,13871,6.5,7
4/23/21,6495,3.2,4
4/22/21,6788,3.4,9
4/21/21,5295,2.6,8
4/20/21,5907,2.8,6
4/19/21,6995,3.2,9
4/18/21,2956,1.3,4
4/17/21,19404,10.1,1
4/16/21,4140,1.8,0
4/15/21,6062,2.7,10
4/14/21,4525,2.1,11
4/13/21,5211,2.3,9
4/12/21,3940,1.7,10
4/11/21,9710,4.2,5
4/10/21,7064,3.2,8
4/9/21,8331,4.5,14
4/8/21,4465,2.0,8
4/7/21,5277,2.3,6
4/6/21,7000,3.2,9
4/5/21,8043,4.5,20
4/4/21,5141,2.3,9
4/3/21,13625,5.9,8
4/2/21,2967,1.3,10
4/1/21,5322,2.5,6
3/31/21,4336,1.9,5
3/30/21,4470,2.0,8
3/29/21,7666,4.6,26
3/28/21,8240,4.7,27
3/27/21,2608,1.1,9
3/26/21,8613,4.9,13
3/25/21,1765,0.7,7
3/24/21,6574,3.9,19
3/23/21,2593,1.1,12
3/22/21,5445,2.3,10
3/21/21,2621,1.2,12
3/20/21,4984,2.3,10
3/19/21,3045,1.4,9
3/18/21,3434,1.5,12
3/17/21,2050,0.9,10
3/16/21,2095,0.9,5
3/15/21,2744,1.1,3
3/14/21,3851,1.7,7
3/13/21,1755,0.7,2
3/12/21,2091,0.9,8
3/11/21,6572,4.0,24
3/10/21,1909,0.9,8
3/9/21,6766,4.1,26
3/8/21,1682,0.7,5
3/7/21,3317,1.5,1
3/6/21,1620,0.7,4
3/5/21,8310,4.9,31
3/4/21,7050,4.3,27
3/3/21,6245,3.9,29
3/2/21,1682,0.7,4
3/1/21,10017,5.4,32
2/28/21,1842,0.7,3
2/27/21,1495,0.7,7
2/26/21,2805,1.3,9
2/25/21,7283,4.4,26
2/24/21,7120,4.2,29
2/23/21,6428,3.9,22
2/22/21,7851,4.6,5
2/21/21,4172,1.8,5
2/20/21,9794,5.1,4
2/19/21,1063,0.5,4
2/18/21,2600,1.1,8
2/17/21,10247,6.0,5
2/16/21,2613,1.2,7
2/15/21,1931,0.8,5
2/14/21,1927,0.9,1
2/13/21,10448,5.8,9
2/12/21,2494,1.2,4
2/11/21,6093,3.8,6
2/10/21,5753,3.2,6
2/9/21,4150,2.2,11
2/8/21,6068,3.4,5
2/7/21,2987,1.3,6
2/6/21,3429,1.6,9
2/5/21,759,0.3,3
2/4/21,1573,0.7,5
2/3/21,2952,1.3,4
2/2/21,3658,1.6,7
2/1/21,1486,0.7,7
1/31/21,2050,0.7,4
1/30/21,2725,1.2,1
1/29/21,2371,1.1,5
1/28/21,2766,1.2,4
1/27/21,901,0.4,5
1/26/21,2283,1.0,3
1/25/21,5082,2.2,5
1/24/21,13981,6.1,14
1/23/21,7647,3.2,10
1/22/21,5337,2.3,5
1/21/21,3343,1.5,7
1/20/21,2772,1.2,2
1/19/21,1111,0.5,3
1/18/21,8984,4.7,11
1/17/21,5174,2.0,21
1/16/21,3826,1.7,9
1/15/21,8689,5.0,6
1/14/21,7057,3.9,5
1/13/21,797,0.3,3
1/12/21,6381,3.5,4
1/11/21,8092,4.6,6
1/10/21,1290,0.5,3
1/9/21,3401,1.5,11
1/8/21,2485,1.1,1
1/7/21,8986,5.0,6
1/6/21,1966,0.9,5
1/5/21,2015,0.8,4
1/4/21,3023,1.3,7
1/3/21,20992,9.4,21
1/2/21,5875,2.6,8
1/1/21,7619,4.5,5
12/31/20,7661,4.2,12
12/30/20,3264,1.4,11
12/29/20,5691,3.3,7
12/28/20,10764,5.4,22
12/27/20,2496,1.1,9
12/26/20,8272,4.5,2
12/25/20,5519,2.5,8
12/24/20,3725,1.7,7
12/23/20,8097,4.6,10
12/22/20,3596,1.8,9
12/21/20,2118,1.0,3
12/20/20,9413,4.2,21
12/19/20,9017,4.2,13
12/18/20,4796,2.1,15
12/17/20,6125,2.7,7
12/16/20,4785,2.4,10
12/15/20,2349,1.1,10
12/14/20,3611,1.6,5
12/13/20,5257,2.2,9
12/12/20,1905,0.8,2
12/11/20,5414,2.8,6
12/10/20,3071,1.4,13
12/9/20,5620,2.9,11
12/8/20,1468,0.6,4
12/7/20,5339,2.7,6
12/6/20,3997,1.8,3
12/5/20,3631,1.6,5
12/4/20,3432,1.7,4
12/3/20,1760,0.7,6
12/2/20,4604,2.2,8
12/1/20,2028,0.9,4
11/30/20,1974,0.9,6
11/29/20,3658,1.6,6
11/28/20,5442,2.2,6
11/27/20,2720,1.1,10
11/26/20,5034,2.2,10
11/25/20,2269,1.0,6
11/24/20,2509,1.1,6
11/23/20,9370,4.8,9
11/22/20,5991,2.7,10
11/21/20,4291,1.8,8
11/20/20,7643,3.8,6
11/19/20,2663,1.2,7
11/18/20,1909,0.8,4
11/17/20,5424,3.1,8
11/16/20,2989,1.3,11
11/15/20,5705,2.8,11
11/14/20,6707,3.0,8
11/13/20,2220,0.9,3
11/12/20,6429,3.2,11
11/11/20,4812,2.6,21
11/10/20,1242,0.4,2
11/9/20,7306,3.1,5
11/8/20,9272,4.0,25
11/7/20,11971,5.1,9
11/6/20,12919,5.7,18
11/5/20,16078,8.0,17
11/4/20,6980,3.1,17
11/3/20,943,0.3,1
11/2/20,4777,1.9,11
11/1/20,2910,1.2,6
10/31/20,2444,0.9,5
10/30/20,9746,4.3,29
10/29/20,10463,5.3,21
10/28/20,4984,2.1,2
10/27/20,10394,5.4,7
10/26/20,3292,1.4,5
10/25/20,8386,3.7,26
10/24/20,5536,2.4,11
10/23/20,7939,4.3,6
10/22/20,6590,4.0,11
10/21/20,8968,5.0,4
10/20/20,7550,4.2,3
10/19/20,382,0.1,1
10/18/20,7,0.0,0
10/17/20,12065,6.1,6
10/16/20,10242,5.4,6
10/15/20,1452,0.6,2
10/14/20,8027,4.6,4
10/13/20,4597,2.0,4
10/12/20,9305,5.1,3
10/11/20,11103,4.9,11
10/10/20,7803,3.4,2
10/9/20,9180,3.9,19
10/8/20,14848,7.5,31
10/7/20,3812,1.7,3
10/6/20,7296,3.8,1
10/5/20,3866,1.7,5
10/4/20,6836,3.7,2
10/3/20,7348,4.0,7
10/2/20,3046,1.4,9
10/1/20,8306,4.2,16
9/30/20,3103,1.3,7
9/29/20,3688,1.6,12
9/28/20,4582,2.1,8
9/27/20,3145,1.3,12
9/26/20,11715,5.7,10
9/25/20,4172,1.8,13
9/24/20,2478,1.1,3
9/23/20,3380,1.5,8
9/22/20,1400,0.5,4
9/21/20,4158,1.8,11
9/20/20,4086,1.8,15
9/19/20,3537,1.6,2
9/18/20,2773,1.3,2
9/17/20,3502,1.6,1
9/16/20,995,0.4,1
9/15/20,1751,0.8,3
9/14/20,4312,1.9,1
9/13/20,3638,1.6,1
9/12/20,9633,4.2,7
9/11/20,2403,1.0,2
9/10/20,3416,1.5,3
9/9/20,2648,1.2,3
9/8/20,2848,1.3,4
9/7/20,801,0.3,2
9/6/20,4952,2.2,2
9/5/20,5732,2.6,4
9/4/20,2067,0.9,2
9/3/20,2576,1.2,3
9/2/20,2716,1.0,5
9/1/20,5720,2.5,7
8/31/20,10887,5.0,59
8/30/20,9363,4.1,3
8/29/20,11432,5.8,20
8/28/20,6476,2.8,5
8/27/20,7832,3.5,7
8/26/20,2511,1.1,5
8/25/20,2334,0.9,7
8/24/20,4024,1.8,12
8/23/20,7222,3.2,23
8/22/20,6357,2.7,10
8/21/20,3388,1.5,8
8/20/20,7088,3.0,1
8/19/20,2656,1.2,1
8/18/20,2589,1.1,1
8/17/20,2025,0.9,3
8/16/20,9931,5.0,5
8/15/20,4548,2.0,5
8/14/20,1624,0.7,4
8/13/20,10714,5.5,8
8/12/20,3839,1.7,3
8/11/20,5669,2.5,5
8/10/20,4384,1.9,5
8/9/20,6288,2.8,5
8/8/20,15147,7.5,3
8/7/20,4420,1.9,3
8/6/20,4808,2.1,4
8/5/20,5346,2.3,5
8/4/20,12001,6.2,8
8/3/20,6462,2.9,9
8/2/20,6538,2.7,6
8/1/20,7172,2.7,5
7/31/20,2068,0.8,2
7/30/20,7158,3.1,3
7/29/20,9534,5.3,4
7/28/20,4293,1.7,5
7/27/20,5983,2.7,7
7/26/20,10838,5.8,6
7/25/20,4581,2.0,6
7/24/20,5180,2.3,3
7/23/20,3599,1.6,3
7/22/20,3497,1.5,3
7/21/20,10183,5.1,5
7/20/20,4916,2.1,4
7/19/20,9549,4.9,7
7/18/20,7968,4.0,3
7/17/20,6899,3.0,4
7/16/20,2922,1.2,3
7/15/20,4483,1.9,5
7/14/20,8099,4.4,12
7/13/20,3169,1.2,2
7/12/20,8800,4.4,12
7/11/20,2926,1.2,6
7/10/20,1674,0.7,1
7/9/20,5240,2.1,3
7/8/20,9625,5.0,3
7/7/20,1703,0.6,4
7/6/20,3358,1.3,2
7/5/20,2360,0.9,3
7/4/20,16611,7.4,17
7/3/20,1978,0.8,0
7/2/20,10412,5.0,5
7/1/20,3522,2.2,2
6/30/20,4346,2.3,1
6/29/20,2446,1.4,1
6/28/20,1816,0.7,4
6/27/20,5553,2.7,4
6/26/20,1037,0.4,2
6/25/20,427,0.2,1
6/24/20,2063,0.7,2
6/23/20,751,0.3,2
6/22/20,1362,0.5,2
6/21/20,119,0.0,0
6/20/20,4733,2.3,3
6/19/20,5217,1.9,4
6/18/20,2449,1.0,2
6/17/20,288,0.1,1
6/16/20,117,0.0,0
6/15/20,261,0.1,0
6/14/20,10879,5.8,5
6/13/20,8095,3.2,6
6/12/20,5924,3.1,7
6/11/20,771,0.3,2
6/10/20,322,0.1,1
6/9/20,362,0.1,1
6/8/20,222,0.1,0
6/7/20,601,0.2,0
6/6/20,10391,4.4,4
6/5/20,835,0.3,1
6/4/20,126,0.1,0
6/3/20,393,0.2,1
6/2/20,1677,0.6,4
6/1/20,1791,0.8,3
5/31/20,3531,1.6,13
5/30/20,4857,1.9,3
5/29/20,1231,0.5,3
5/28/20,2918,1.2,6
5/27/20,2849,1.2,11
5/26/20,4584,2.1,4
5/25/20,9772,4.3,12
5/24/20,10284,4.8,15
5/23/20,6748,2.8,9
5/22/20,10913,4.6,13
5/21/20,7086,3.0,6
5/20/20,10739,4.4,11
5/19/20,3810,1.6,5
5/18/20,6467,2.7,4
5/17/20,7395,3.1,5
5/16/20,20555,8.9,8
5/15/20,4704,2.0,3
5/14/20,12567,5.3,5
5/13/20,4675,1.9,3
5/12/20,12605,5.2,3
5/11/20,10654,4.5,4
5/10/20,7491,3.3,11
5/9/20,4526,2.0,6
5/8/20,3735,1.6,3
5/7/20,2562,1.1,8
5/6/20,4551,2.0,8
5/5/20,1460,0.6,3
5/4/20,4339,2.0,4
5/3/20,6914,3.1,1
5/2/20,4251,1.9,6
5/1/20,1885,0.8,1
4/30/20,2931,1.3,2
4/29/20,2685,1.2,5
4/28/20,4302,1.9,12
4/27/20,5108,2.3,3
4/26/20,5572,2.5,6
4/25/20,3434,1.5,3
4/24/20,5539,2.4,4
4/23/20,2805,1.2,1
4/22/20,3753,1.7,2
4/21/20,1840,0.8,5
4/20/20,2565,1.1,4
4/19/20,3086,1.3,3
4/18/20,11176,5.2,3
4/17/20,4745,2.1,8
4/16/20,530,0.2,1
4/15/20,594,0.3,0
4/14/20,2473,1.1,1
4/13/20,855,0.4,4
4/12/20,3694,1.6,5
4/11/20,5574,2.4,7
4/10/20,2607,1.2,2
4/9/20,2274,0.9,6
4/8/20,4929,2.1,7
4/7/20,2440,1.1,5
4/6/20,2391,1.1,0
4/5/20,3097,1.3,2
4/4/20,5369,2.2,18
4/3/20,4964,2.1,8
4/2/20,3462,1.5,2
4/1/20,7023,3.0,10
3/31/20,10281,4.5,22
3/30/20,4631,2.0,1
3/29/20,7140,3.2,7
3/28/20,3325,1.4,9
3/27/20,4354,1.9,2
3/26/20,2384,1.0,2
3/25/20,3165,1.4,4
3/24/20,1555,0.7,0
3/23/20,4769,2.4,7
3/22/20,2006,0.9,5
3/21/20,2930,1.2,8
3/20/20,1964,0.8,8
3/19/20,2567,1.1,3
3/18/20,4719,2.1,1
3/17/20,2530,1.1,2
3/16/20,6328,2.8,2
3/15/20,6843,3.2,3
3/14/20,7525,3.3,3
3/13/20,2350,1.0,1
3/12/20,9044,3.9,0
3/11/20,4412,1.9,0
3/10/20,10466,5.4,3
3/9/20,3597,1.3,2
3/8/20,6390,2.7,4
3/7/20,16046,6.9,41
3/6/20,10181,4.3,15
3/5/20,7669,3.4,2
3/4/20,8308,4.1,3
3/3/20,16282,2.8,9
3/2/20,4262,1.9,0
3/1/20,1707,0.7,1
2/29/20,7764,3.4,0
2/28/20,6159,2.7,6
2/27/20,4199,1.6,0
2/26/20,5774,2.5,2
2/25/20,5351,2.3,0
2/24/20,4901,2.1,2
2/23/20,6044,2.5,8
2/22/20,8968,3.8,2
2/21/20,3634,1.6,5
2/20/20,8064,3.5,4
2/19/20,13837,5.9,3
2/18/20,14999,7.3,0
2/17/20,7711,3.3,0
2/16/20,4141,1.8,0
2/15/20,17474,8.4,0
2/14/20,8864,3.5,3
2/13/20,8591,3.6,2
2/12/20,10559,4.5,1
2/11/20,13462,5.5,5
2/10/20,12821,5.5,0
2/9/20,16662,7.2,2
2/8/20,12812,5.4,1
2/7/20,8897,3.8,0
2/6/20,6351,2.7,2
2/5/20,3288,1.4,0
2/4/20,8332,3.4,0
2/3/20,13352,6.2,1
2/2/20,7151,2.8,3
2/1/20,17719,6.8,3
1/31/20,11287,4.9,4
1/30/20,9155,3.9,2
1/29/20,9686,4.1,4
1/28/20,11200,4.8,1
1/27/20,11233,4.8,4
1/26/20,9396,3.9,2
1/25/20,13677,5.8,0
1/24/20,10787,4.6,2
1/23/20,11577,5.0,2
1/22/20,7639,3.3,4
1/21/20,7619,3.2,2
1/20/20,3368,1.5,6
1/19/20,7048,3.0,0
1/18/20,18380,9.3,0
1/17/20,12666,5.4,4
1/16/20,13104,5.5,0
1/15/20,15188,7.2,2
1/14/20,17586,8.2,0
1/13/20,13392,5.9,2
1/12/20,13561,5.8,0
1/11/20,10304,4.1,0
1/10/20,14343,6.4,2
1/9/20,8380,3.6,4
1/8/20,7063,3.0,0
1/7/20,14089,6.7,2
1/6/20,8789,3.8,2
1/5/20,5297,2.3,0
1/4/20,4568,2.1,0
1/3/20,9901,4.3,4
1/2/20,5262,2.3,1
1/1/20,5600,2.4,0
12/31/19,13375,5.7,3
12/30/19,8794,3.8,0
12/29/19,4474,1.7,6
12/28/19,1880,0.8,5
12/27/19,4529,2.0,10
12/26/19,3083,1.3,4
12/25/19,5177,2.1,8
12/24/19,4508,2.0,6
12/23/19,3187,1.3,9
12/22/19,7567,3.3,10
12/21/19,7415,3.3,1
12/20/19,4375,1.9,2
12/19/19,7449,3.2,2
12/18/19,5818,2.6,2
12/17/19,6898,3.0,2
12/16/19,5652,2.4,4
12/15/19,5992,2.6,0
12/14/19,1992,0.9,1
12/13/19,10043,4.4,8
12/12/19,3363,1.3,0
12/11/19,8159,3.5,2
12/10/19,7457,3.2,2
12/9/19,8728,3.8,2
12/8/19,4797,2.1,2
12/7/19,8105,3.5,4
12/6/19,7413,3.2,1
12/5/19,11214,4.8,3
12/4/19,7173,3.1,4
12/3/19,8127,3.5,4
12/2/19,10637,4.6,3
12/1/19,9216,3.8,15
11/30/19,12667,5.7,9
11/29/19,6279,2.6,5
11/28/19,8731,3.7,21
11/27/19,3470,1.5,6
11/26/19,2424,1.0,3
11/25/19,7565,3.7,6
11/24/19,3906,1.7,7
11/23/19,5161,2.3,0
11/22/19,5677,2.5,1
11/21/19,4809,2.1,1
11/20/19,6436,2.8,0
11/19/19,6106,2.6,0
11/18/19,11636,5.1,0
11/17/19,4395,1.8,8
11/16/19,6263,2.5,13
11/15/19,4052,1.6,2
11/14/19,5715,2.5,3
11/13/19,7576,3.6,0
11/12/19,10840,5.0,2
11/11/19,4222,1.8,0
11/10/19,7258,3.4,0
11/9/19,2897,1.2,1
11/8/19,5173,2.2,2
11/7/19,5876,2.5,0
11/6/19,7977,3.4,0
11/5/19,9371,4.6,0
11/4/19,3877,1.6,0
11/3/19,6592,3.2,1
11/2/19,5206,2.2,0
11/1/19,3426,1.5,0
10/31/19,10484,4.5,1
10/30/19,7840,4.0,2
10/29/19,8703,4.1,0
10/28/19,9034,4.0,4
10/27/19,3197,1.4,0
10/26/19,13056,5.8,3
10/25/19,5727,2.5,6
10/24/19,10297,4.6,2
10/23/19,7106,3.1,0
10/22/19,12038,5.6,0
10/21/19,7903,3.3,1
10/20/19,9053,4.6,0
10/19/19,4607,1.9,0
10/18/19,5158,2.2,0
10/17/19,7161,3.1,8
10/16/19,11957,5.0,2
10/15/19,12314,5.8,0
10/14/19,6880,2.9,0
10/13/19,5524,2.2,12
10/12/19,4638,1.8,2
10/11/19,5143,2.2,3
10/10/19,5791,2.4,11
10/9/19,10103,4.3,4
10/8/19,10878,4.5,3
10/7/19,7789,3.3,0
10/6/19,10212,4.2,8
10/5/19,9795,4.0,2
10/4/19,11415,4.8,2
10/3/19,9092,3.8,8
10/2/19,11272,4.9,0
10/1/19,7349,3.1,10
9/30/19,10626,4.5,6
9/29/19,6308,2.6,4
9/28/19,16466,7.1,24
9/27/19,8928,3.6,11
9/26/19,6730,2.8,6
9/25/19,11658,4.5,6
9/24/19,10082,4.2,4
9/23/19,6574,2.7,6
9/22/19,3010,1.3,2
9/21/19,6762,2.8,12
9/20/19,7803,3.2,6
9/19/19,8162,3.4,9
9/18/19,9601,4.0,7
9/17/19,8621,3.5,8
9/16/19,9232,4.0,12
9/15/19,5001,2.2,10
9/14/19,13753,5.7,33
9/13/19,7866,3.3,4
9/12/19,11644,4.9,6
9/11/19,11605,5.1,10
9/10/19,9122,3.9,10
9/9/19,8141,3.5,7
9/8/19,4682,2.0,2
9/7/19,7482,3.0,8
9/6/19,10291,4.4,8
9/5/19,4621,2.0,9
9/4/19,7414,3.1,5
9/3/19,6773,2.8,6
9/2/19,5014,2.1,10
9/1/19,6103,2.5,6
8/31/19,6484,2.7,4
8/30/19,11726,4.9,11
8/29/19,11128,4.6,8
8/28/19,10111,4.0,10
8/27/19,11407,4.7,10
8/26/19,6620,2.7,6
8/25/19,7576,3.3,11
8/24/19,3906,1.6,4
8/23/19,8394,3.3,10
8/22/19,19383,8.5,12
8/21/19,8951,4.0,6
8/20/19,9763,3.8,2
8/19/19,11508,5.2,10
8/18/19,4633,2.1,4
8/17/19,15102,6.7,14
8/16/19,10459,4.7,9
8/15/19,12087,5.4,8
8/14/19,8347,3.6,6
8/13/19,11771,5.3,9
8/12/19,9972,4.2,12
8/11/19,2946,1.4,0
8/10/19,6575,2.9,4
8/9/19,7470,3.3,5
8/8/19,9992,4.6,6
8/7/19,10939,5.4,4
8/6/19,9491,4.2,2
8/5/19,7719,3.5,6
8/4/19,6875,3.1,2
8/3/19,3763,1.6,2
8/2/19,18957,9.0,10
8/1/19,10265,4.5,3
7/31/19,9411,4.2,6
7/30/19,13867,6.7,4
7/29/19,8580,3.7,5
7/28/19,14315,6.4,8
7/27/19,7073,2.6,0
7/26/19,15760,7.4,12
7/25/19,10483,4.6,10
7/24/19,12387,6.0,10
7/23/19,12918,6.2,11
7/22/19,8860,3.7,8
7/21/19,10038,4.5,7
7/20/19,11376,5.1,7
7/19/19,18122,8.6,18
7/18/19,13455,6.6,10
7/17/19,8045,3.6,8
7/16/19,8782,4.3,2
7/15/19,9531,4.4,0
7/14/19,5515,2.5,0
7/13/19,11569,5.1,0
7/12/19,6379,2.8,0
7/11/19,10823,5.4,0
7/10/19,10290,4.6,0
7/9/19,6931,3.1,0
7/8/19,7362,3.5,0
5/24/19,1620,0.7,1
5/23/19,8558,3.8,4
5/22/19,6099,2.7,2
5/20/19,7616,3.2,6
5/19/19,8004,3.6,1
5/18/19,6690,3.0,9
5/17/19,10641,5.0,7
5/16/19,4949,2.2,3
5/15/19,10003,4.4,3
5/14/19,8609,4.1,3
5/13/19,7921,3.5,1
5/12/19,4570,2.1,2
5/11/19,1746,0.7,2
5/10/19,9032,4.3,5
5/9/19,6594,3.0,3
5/8/19,7713,3.5,1
5/7/19,5928,2.7,1
5/6/19,5000,2.2,1
5/5/19,2136,0.9,0
5/4/19,8385,4.2,0
5/3/19,5915,2.7,0
5/2/19,2522,1.0,0
5/1/19,7390,3.3,3
4/30/19,10955,5.1,4
4/29/19,10092,4.8,4
4/28/19,3726,1.7,2
4/27/19,2721,1.2,0
4/26/19,7603,3.4,0
4/25/19,12262,6.1,2
4/24/19,4994,2.3,3
4/23/19,4370,1.9,0
4/22/19,6661,3.1,2
4/21/19,2111,0.9,0
4/20/19,3084,1.4,7
4/19/19,5393,2.5,4
4/18/19,6312,2.9,7
4/17/19,5461,2.5,5
4/16/19,5483,2.5,3
4/15/19,5598,2.6,2
4/14/19,2565,1.1,0
4/13/19,11649,5.0,0
4/12/19,3174,1.5,1
4/11/19,6399,3.1,3
4/10/19,10621,5.3,2
4/9/19,5076,2.5,7
4/8/19,5754,2.6,3
4/7/19,5789,2.8,0
4/6/19,4553,2.2,0
4/5/19,4216,1.7,2
4/4/19,10886,5.5,8
4/3/19,5235,2.5,4
4/2/19,6320,3.1,9
4/1/19,8685,4.5,2
3/31/19,3707,1.9,2
3/30/19,7808,3.7,6
3/29/19,6265,3.0,1
3/28/19,9123,4.9,3
3/27/19,4861,2.4,1
3/26/19,8643,4.9,1
3/25/19,4775,2.4,4
3/24/19,5584,2.6,6
3/23/19,4553,2.2,4
3/22/19,7124,3.4,4
3/21/19,8609,4.6,4
3/20/19,8425,4.5,3
3/19/19,9919,5.4,3
3/18/19,4391,2.1,6
3/17/19,15584,7.2,13
3/16/19,1502,0.8,3
3/15/19,10206,5.6,4
3/14/19,5358,2.6,5
3/13/19,7679,4.2,3
3/12/19,8629,4.9,3
3/11/19,4464,2.2,4
3/10/19,2365,1.1,1
3/9/19,5277,2.6,1
3/8/19,5141,2.4,0
3/7/19,6697,3.4,3
3/6/19,3515,1.7,4
3/5/19,3122,1.2,3
3/4/19,4217,2.0,5
3/3/19,3708,1.8,5
3/2/19,7285,3.8,3
3/1/19,6259,3.0,3
2/28/19,8477,4.7,8
2/27/19,3327,1.7,4
2/26/19,7603,4.1,7
2/25/19,8687,4.9,7
2/24/19,3880,1.8,14
2/23/19,5302,2.5,3
2/22/19,4956,2.2,1
2/21/19,4079,2.0,3
2/20/19,3251,1.4,2
2/19/19,3798,1.8,3
2/18/19,4455,2.0,12
2/17/19,2294,0.9,2
2/16/19,6737,3.3,3
2/15/19,5783,2.8,1
2/14/19,4188,2.1,3
2/13/19,3763,1.8,6
2/12/19,7962,4.3,8
2/11/19,4876,2.3,6
2/10/19,3128,1.2,4
2/9/19,1165,0.5,0
2/8/19,8015,3.9,1
2/7/19,4357,2.1,2
2/6/19,4958,2.4,0
2/5/19,142,0.1,5
2/4/19,55,0.0,2
2/3/19,55,0.0,0
2/2/19,6780,2.8,10
2/1/19,2027,1.0,3
1/31/19,14,0.0,10
1/30/19,8234,4.5,10
1/29/19,8318,4.2,6
1/28/19,6484,3.1,6
1/27/19,4278,2.1,5
1/26/19,8096,3.8,19
1/25/19,3907,1.6,7
1/24/19,11008,5.5,7
1/23/19,3932,1.9,6
1/22/19,9351,4.6,12
1/21/19,6794,2.9,8
1/20/19,6342,3.1,4
1/19/19,835,0.3,0
1/18/19,11780,5.9,12
1/17/19,5426,2.6,6
1/16/19,4437,2.2,1
1/15/19,4256,2.0,2
1/14/19,6374,3.1,5
1/13/19,2440,1.2,2
1/12/19,4788,2.3,3
1/11/19,4572,2.2,5
1/10/19,3642,1.6,6
1/9/19,8365,3.9,3
1/8/19,7010,3.0,7
1/7/19,9531,4.7,34
1/6/19,9010,4.2,15
1/5/19,8539,4.1,12
1/4/19,8284,4.0,4
1/3/19,6559,3.2,1
1/2/19,5212,2.4,2
1/1/19,2745,1.2,5
12/31/18,5116,2.5,6
12/30/18,4024,1.9,7
12/29/18,2870,1.1,2
12/28/18,5333,2.5,3
12/27/18,6502,3.2,6
12/26/18,4262,1.8,8
12/25/18,4853,1.9,11
12/24/18,3488,1.5,5
12/23/18,4883,2.2,6
12/22/18,9200,4.4,5
12/21/18,4631,2.1,0
12/20/18,5120,2.5,2
12/19/18,4876,2.3,3
12/18/18,3057,1.4,2
12/17/18,3692,1.8,1
12/16/18,6393,3.2,2
12/15/18,2370,0.9,2
12/14/18,6313,2.7,5
12/13/18,5280,2.5,2
12/12/18,5115,2.4,1
12/11/18,2970,1.3,3
12/10/18,4918,2.4,0
12/9/18,1639,0.8,1
12/8/18,7238,3.2,3
12/7/18,5945,2.8,2
12/6/18,5885,2.8,4
12/5/18,4939,2.4,3
12/4/18,4357,2.1,1
12/3/18,4084,2.0,2
12/2/18,3090,1.5,0
12/1/18,1290,0.6,4
11/30/18,5146,2.5,5
11/29/18,4434,2.1,8
11/28/18,4624,2.2,1
11/27/18,4265,2.1,0
11/26/18,3714,1.7,3
11/25/18,4638,2.2,11
11/24/18,2408,1.0,6
11/23/18,7828,3.9,8
11/22/18,2376,1.1,2
11/21/18,10898,5.2,2
11/20/18,2335,1.1,4
11/19/18,6868,3.2,9
11/18/18,3488,1.7,11
11/17/18,4791,2.4,3
11/16/18,4543,2.1,1
11/15/18,8273,3.9,6
11/14/18,6084,2.8,3
11/13/18,4712,2.3,1
11/12/18,6091,2.9,7
11/11/18,2955,1.4,4
11/10/18,7494,3.6,11
11/9/18,5631,2.7,2
11/8/18,4147,1.9,0
11/7/18,4656,2.2,4
11/6/18,7055,3.4,4
11/5/18,5486,2.6,4
11/4/18,5005,2.3,5
11/3/18,3148,1.5,6
11/2/18,7406,3.5,7
11/1/18,6443,3.0,3
10/31/18,7954,3.7,0
10/30/18,6739,3.1,5
10/29/18,6071,2.9,5
10/28/18,2762,1.2,0
10/27/18,15788,7.6,1
10/26/18,7187,3.3,5
10/25/18,8379,3.9,4
10/24/18,6193,2.8,6
10/23/18,5722,2.6,0
10/22/18,6211,2.9,2
10/21/18,4360,1.8,4
10/20/18,3678,1.7,2
10/19/18,6796,3.2,3
10/18/18,4518,2.1,2
10/17/18,4997,2.5,7
10/16/18,3373,1.7,1
10/15/18,5223,2.6,0
10/14/18,4097,1.8,8
10/13/18,4262,2.1,6
10/12/18,6574,3.2,1
10/11/18,6500,3.1,1
10/10/18,7548,3.6,3
10/9/18,7520,3.6,4
10/8/18,2436,1.0,6
10/7/18,1763,0.8,0
10/6/18,6227,2.9,0
10/5/18,8874,4.4,5
10/4/18,6667,3.2,2
10/3/18,7879,3.9,5
10/2/18,5542,2.6,2
10/1/18,4408,2.0,4
9/30/18,2256,1.1,1
9/29/18,9100,4.2,6
9/28/18,6915,3.2,5
9/27/18,6213,2.9,4
9/26/18,7045,3.3,2
9/25/18,6437,3.0,2
9/24/18,5548,2.7,4
9/23/18,7735,3.6,3
9/22/18,9846,4.6,5
9/21/18,5926,2.8,6
9/20/18,2,0.0,0
9/19/18,3150,1.5,1
9/18/18,4896,2.4,2
9/17/18,4390,2.1,2
9/16/18,5458,2.6,7
9/15/18,6743,3.2,6
9/14/18,7565,3.6,5
9/13/18,4435,2.1,1
9/12/18,4094,1.9,1
9/11/18,6265,3.0,3
9/10/18,5169,2.4,2
9/9/18,4352,2.1,2
9/8/18,6545,3.2,5
9/7/18,3230,1.5,0
9/6/18,7054,3.0,2
9/5/18,869,0.4,0
9/4/18,11885,5.5,6
9/3/18,12813,5.7,5
9/2/18,11391,5.6,0
9/1/18,4448,2.1,1
8/31/18,23809,11.1,6
8/30/18,6235,3.0,12
8/29/18,10086,4.8,17
8/28/18,2722,1.1,18
8/27/18,3891,1.6,8
8/26/18,8906,3.6,2
8/25/18,2244,0.9,1
8/24/18,8155,4.0,8
8/23/18,7093,3.0,0
8/22/18,7852,3.2,13
8/21/18,5526,2.3,12
8/20/18,7228,2.9,2
8/19/18,5585,2.3,3
8/18/18,2541,1.0,0
8/17/18,2897,1.3,7
8/16/18,5597,2.1,8
8/15/18,2020,0.8,5
8/14/18,3140,1.3,7
8/13/18,1601,0.6,0
8/12/18,1951,0.8,1
8/11/18,1859,0.8,1
8/10/18,5457,2.3,11
8/9/18,4350,1.8,1
8/8/18,3395,1.4,4
8/7/18,4995,2.1,13
8/6/18,4924,2.0,6
8/5/18,2737,1.1,14
8/4/18,3173,1.4,13
8/3/18,3625,1.5,7
8/2/18,6196,2.6,13
8/1/18,3711,1.4,24
7/31/18,6887,2.8,39
7/30/18,4285,1.7,20
7/29/18,6098,2.4,50
7/28/18,6667,2.8,81
7/27/18,3318,1.3,15
7/26/18,2958,1.1,15
7/25/18,4242,1.7,14
7/24/18,3891,1.6,15
7/23/18,3657,1.6,6
7/22/18,8113,3.3,34
7/21/18,7098,2.8,49
7/20/18,6158,2.5,18
7/19/18,2647,1.1,14
7/18/18,2985,1.2,20
7/17/18,4285,1.7,20
7/16/18,3758,1.5,18
7/15/18,9341,3.8,73
7/14/18,11046,4.7,54
7/13/18,6756,3.0,6
7/12/18,5658,2.3,18
7/11/18,3760,1.5,4
7/10/18,4245,1.8,6
7/9/18,5075,2.1,19
7/8/18,11777,5.0,82
7/7/18,1104,0.4,1
7/6/18,3773,1.5,5
7/5/18,3500,1.3,1
7/4/18,7835,3.0,23
7/3/18,5477,2.2,9
7/2/18,897,0.3,2
7/1/18,1977,0.8,3
6/30/18,8898,4.3,14
6/29/18,1732,0.7,3
6/28/18,5013,2.1,3
6/27/18,3655,1.6,4
6/26/18,7320,3.0,21
6/25/18,2200,0.9,3
6/24/18,6716,2.6,11
6/23/18,4047,1.7,11
6/22/18,1005,0.4,5
6/21/18,3257,1.4,10
6/20/18,3046,1.2,10
6/19/18,5370,2.1,13
6/18/18,1274,0.5,2
6/17/18,2934,1.2,16
6/16/18,2359,0.9,6
6/15/18,1679,0.7,5
6/14/18,3846,1.5,11
6/13/18,2300,0.9,12
6/12/18,3372,1.4,12
6/11/18,1027,0.4,4
6/10/18,12407,5.5,63
6/9/18,8805,3.9,38
6/8/18,1107,0.5,6
6/7/18,5594,2.4,9
6/6/18,3255,1.3,10
6/5/18,5292,2.4,8
6/4/18,2165,0.9,2
6/3/18,8748,3.6,36
6/2/18,17378,7.7,68
6/1/18,3727,1.5,4
5/31/18,6774,2.8,36
5/30/18,3640,1.5,15
5/29/18,4731,2.0,23
5/28/18,4568,1.9,14
5/27/18,13309,5.8,93
5/26/18,3298,1.4,15
5/25/18,3951,1.6,2
5/24/18,6892,2.8,33
5/23/18,3002,1.3,14
5/22/18,7563,3.2,30
5/21/18,2231,0.9,5
5/20/18,11449,4.4,15
5/19/18,13885,5.6,51
5/18/18,4700,1.9,17
5/17/18,4706,1.9,7
5/16/18,815,0.3,0
5/15/18,3126,1.3,4
5/14/18,4308,1.8,5
5/13/18,13883,5.8,34
5/12/18,1183,0.5,1
5/11/18,12902,5.6,18
5/10/18,3612,1.5,8
5/9/18,12144,5.1,39
5/8/18,9114,3.8,19
5/7/18,8703,3.7,20
5/6/18,4026,1.6,18
5/5/18,7606,3.0,24
5/4/18,3156,1.3,16
5/3/18,10953,4.4,25
5/2/18,3859,1.6,16
5/1/18,10191,4.2,20
4/30/18,12788,5.3,28
4/29/18,787,0.3,3
4/28/18,2884,1.2,8
4/27/18,8462,3.4,17
4/26/18,5730,2.6,17
4/25/18,7614,3.2,18
4/24/18,11315,4.6,37
4/23/18,6096,2.4,43
4/22/18,2861,1.1,8
4/21/18,2640,1.1,13
4/20/18,7882,3.2,11
4/19/18,3540,1.4,13
4/18/18,6338,2.9,3
4/17/18,11161,4.5,41
4/16/18,8394,4.2,19
4/15/18,1969,0.8,3
4/14/18,11728,4.6,10
4/13/18,13789,6.0,7
4/12/18,7141,2.8,22
4/11/18,8600,3.6,14
4/10/18,2748,1.1,7
4/9/18,3875,1.6,5
4/8/18,4753,1.9,7
4/7/18,8260,3.3,8
4/6/18,4231,1.9,8
4/5/18,3308,1.4,3
4/4/18,2115,0.9,5
4/3/18,6625,2.8,15
4/2/18,4296,1.8,9
4/1/18,12153,4.8,24
3/31/18,19348,7.5,35
3/30/18,12867,5.4,47
3/29/18,12150,5.0,54
3/28/18,3828,1.6,11
3/27/18,12941,5.2,38
3/26/18,18494,7.5,25
3/25/18,149,0.1,40
3/24/18,14920,5.9,54
3/23/18,2665,1.0,2
3/22/18,4250,1.7,17
3/21/18,6363,2.9,15
3/20/18,1545,0.6,4
3/19/18,7562,3.1,11
3/18/18,24052,9.8,24
3/17/18,16009,6.6,14
3/16/18,14671,6.8,36
3/15/18,7149,2.8,17
3/14/18,9445,4.3,16
3/13/18,4257,1.8,7
3/12/18,9068,3.7,43
3/11/18,12197,4.9,43
3/10/18,13137,5.6,58
3/9/18,2093,0.8,8
3/8/18,5248,2.1,16
3/7/18,2376,0.9,5
3/6/18,3248,1.3,2
3/5/18,1583,0.6,7
3/4/18,8014,3.1,7
3/3/18,14373,5.6,15
3/2/18,17410,7.1,15
3/1/18,5392,2.3,10
2/28/18,9164,3.8,16
2/27/18,5249,2.2,14
2/26/18,6339,2.5,13
2/25/18,10868,4.1,7
2/24/18,8950,3.5,17
2/23/18,10734,4.5,10
2/22/18,5603,2.3,10
2/21/18,4786,2.0,8
2/20/18,12010,4.8,8
2/19/18,5811,2.4,17
2/18/18,3683,1.5,2
2/17/18,6853,3.8,14
2/16/18,6666,2.8,11
2/15/18,9314,3.9,5
2/14/18,7309,2.9,29
2/13/18,5247,2.1,15
2/12/18,4417,1.8,10
2/11/18,6961,2.9,20
2/10/18,7844,3.1,38
2/9/18,13193,5.3,10
2/8/18,3819,1.6,14
2/7/18,5375,2.2,6
2/6/18,7680,3.0,13
2/5/18,7587,3.0,24
2/4/18,2361,0.9,6
2/3/18,962,0.3,1
2/2/18,10210,3.9,4
2/1/18,8451,3.5,15
1/31/18,7469,3.0,19
1/30/18,6045,2.3,16
1/29/18,8354,3.5,5
1/28/18,3213,1.3,5
1/27/18,4622,1.9,14
1/26/18,2405,1.0,11
1/25/18,11547,4.6,5
1/24/18,4789,1.9,21
1/23/18,4925,1.9,25
1/22/18,3863,1.5,10
1/21/18,5080,2.0,9
1/20/18,711,0.3,2
1/19/18,4697,1.8,11
1/18/18,4602,1.8,6
1/17/18,4617,1.9,6
1/16/18,3250,1.3,4
1/15/18,2068,0.8,2
1/14/18,7865,3.0,0
1/13/18,12418,4.7,5
1/12/18,2836,1.2,11
1/11/18,1597,0.6,2
1/10/18,7807,3.2,13
1/9/18,8875,3.5,11
1/8/18,2308,0.9,7
1/7/18,1216,0.5,2
1/6/18,10871,4.0,7
1/5/18,959,0.4,2
1/4/18,6713,2.6,24
1/3/18,3479,1.4,16
1/2/18,3612,1.4,7
1/1/18,2069,0.8,0
12/31/17,3825,1.5,9
12/30/17,5230,2.0,6
12/29/17,2777,1.1,8
12/28/17,5587,2.1,11
12/27/17,2411,1.0,6
12/26/17,3144,1.2,3
12/25/17,6412,2.4,18
12/24/17,2232,0.9,5
12/23/17,3680,1.5,1
12/22/17,6543,2.7,5
12/21/17,2307,0.9,3
12/20/17,4743,1.9,4
12/19/17,4169,1.6,13
12/18/17,2345,0.9,4
12/17/17,966,0.4,2
12/16/17,14901,5.3,3
12/15/17,5037,2.0,2
12/14/17,980,0.4,0
12/13/17,2313,1.0,4
12/12/17,1678,0.7,3
12/11/17,1349,0.5,2
12/10/17,1567,0.6,2
12/9/17,5011,1.9,10
12/8/17,3413,1.5,5
12/7/17,3614,1.5,4
12/6/17,3561,1.4,3
12/5/17,1265,0.5,3
12/4/17,6031,2.5,14
12/3/17,2437,1.0,5
12/2/17,9068,3.3,5
12/1/17,2931,1.1,2
11/30/17,2726,1.0,2
11/29/17,7689,3.0,10
11/28/17,10779,4.1,3
11/27/17,7032,2.8,15
11/26/17,9095,3.6,29
11/25/17,17192,6.8,22
11/24/17,10391,4.1,5
11/23/17,13592,5.1,9
11/22/17,2283,0.9,2
11/21/17,3245,1.3,3
11/20/17,10791,4.4,7
11/19/17,2466,1.0,7
11/18/17,4919,2.0,9
11/17/17,5261,2.0,12
11/16/17,4058,1.6,13
11/15/17,7535,3.1,15
11/14/17,8336,3.2,5
11/13/17,8637,3.5,36
11/12/17,1939,0.8,8
11/11/17,7637,3.2,7
11/10/17,3087,1.3,2
11/9/17,6451,2.6,6
11/8/17,8894,3.8,7
11/7/17,14287,5.8,5
11/6/17,8058,3.3,6
11/5/17,1932,0.7,4
11/4/17,2835,1.1,3
11/3/17,2916,1.1,4
11/2/17,1161,0.5,3
11/1/17,7639,3.0,11
10/31/17,3455,1.3,2
10/30/17,1894,0.8,6
10/29/17,1915,0.8,9
10/28/17,4970,1.9,3
10/27/17,4782,2.0,1
10/26/17,6967,2.8,7
10/25/17,12669,5.1,15
10/24/17,11736,4.3,3
10/23/17,7128,2.8,18
10/22/17,2651,1.1,9
10/21/17,15318,5.9,10
10/20/17,1905,0.8,5
10/19/17,2769,1.1,4
10/18/17,9166,3.6,12
10/17/17,9651,3.5,5
10/16/17,8035,3.2,20
10/15/17,1564,0.6,6
10/14/17,15096,5.8,11
10/13/17,6995,2.8,6
10/12/17,6105,2.2,5
10/11/17,10729,4.3,16
10/10/17,2034,0.8,2
10/9/17,8097,3.3,11
10/8/17,2528,1.1,5
10/7/17,3465,1.4,7
10/6/17,6039,2.3,4
10/5/17,5023,2.8,7
10/4/17,7353,2.9,20
10/3/17,9251,4.8,11
10/2/17,6870,2.7,8
10/1/17,3310,1.3,4
9/30/17,3500,1.4,0
9/29/17,2445,1.0,5
9/28/17,4677,2.0,8
9/27/17,7689,3.1,4
9/26/17,1754,0.7,3
9/25/17,6503,2.6,9
9/24/17,1380,0.6,2
9/23/17,1662,0.7,2
9/22/17,3520,1.4,0
9/21/17,4338,1.8,6
9/20/17,9557,4.0,6
9/19/17,2463,1.0,3
9/18/17,7133,2.9,7
9/17/17,1523,0.6,1
9/16/17,5386,2.3,0
9/15/17,3031,1.3,2
9/14/17,2134,0.8,1
9/13/17,9890,4.0,4
9/12/17,2797,1.1,7
9/11/17,1908,0.7,5
9/10/17,4282,1.6,4
9/9/17,2317,0.9,4
9/8/17,2504,1.0,3
9/7/17,4768,1.9,1
9/6/17,271,0.1,0
7/3/17,10418,3.6,3
7/2/17,5453,2.2,15
7/1/17,8827,3.8,9
6/30/17,19099,6.6,2
6/29/17,932,0.3,7
6/28/17,17120,7.8,8
6/27/17,1192,0.5,3
6/26/17,9681,3.8,13
6/25/17,4682,1.7,7
6/24/17,8026,3.0,6
6/23/17,19678,7.2,4
6/22/17,2864,1.0,2
6/21/17,19810,8.2,5
6/20/17,5450,2.4,10
6/19/17,9277,3.5,7
6/18/17,10599,3.9,5
6/17/17,11683,4.9,10
6/16/17,12888,4.9,3
6/15/17,1930,0.7,0
6/14/17,2863,1.1,1
6/13/17,6177,2.5,3
6/12/17,11795,4.4,3
6/11/17,1678,0.6,6
6/10/17,3131,1.2,5
6/9/17,16888,6.7,1
6/8/17,6285,3.2,7
6/7/17,12136,4.4,3
6/6/17,1477,0.5,3
6/5/17,11920,4.4,6
6/4/17,3934,1.5,16
6/3/17,684,0.3,0
6/2/17,15654,5.7,2
6/1/17,2503,1.1,5
5/31/17,2240,1.0,2
5/30/17,6020,3.0,5
5/29/17,11987,4.4,2
5/28/17,3542,1.5,3
5/27/17,5122,1.9,15
5/26/17,19595,8.5,1
5/25/17,7638,3.1,19
5/24/17,13617,5.1,4
5/23/17,3693,1.4,2
5/22/17,1012,0.4,3
5/21/17,4393,1.7,1
5/20/17,7239,2.6,2
5/19/17,18062,6.7,5
5/18/17,7289,2.9,8
5/17/17,7242,2.7,12
5/16/17,14771,5.5,7
5/15/17,10096,3.7,2
5/14/17,12733,5.3,18
5/13/17,22665,9.5,2
5/12/17,10917,4.0,6
5/11/17,12783,5.2,7
5/10/17,11452,4.5,14
5/9/17,10052,4.4,4
5/8/17,9691,4.3,15
5/7/17,5388,2.1,7
5/6/17,6222,2.2,2
5/5/17,12787,5.5,3
5/4/17,9518,4.0,3
5/3/17,14589,5.7,8
5/2/17,6954,2.6,4
5/1/17,14664,6.3,6
4/30/17,3711,1.4,2
4/29/17,4296,1.9,2
4/28/17,15622,6.8,0
4/27/17,12206,5.3,12
4/26/17,13285,5.0,1
4/25/17,5205,2.2,4
4/24/17,13517,5.9,2
4/23/17,3679,1.3,1
4/22/17,4307,1.7,3
4/21/17,15279,6.7,2
4/20/17,5290,1.9,4
4/19/17,13554,5.9,3
4/18/17,7956,3.0,5
4/17/17,9410,4.1,3
4/16/17,14806,5.4,5
4/15/17,7814,2.8,2
4/14/17,12822,4.5,1
4/13/17,8730,3.4,7
4/12/17,13321,5.7,4
4/11/17,4339,1.6,4
4/10/17,11330,4.1,2
4/9/17,3429,1.3,2
4/8/17,7418,3.2,10
4/7/17,13761,4.9,2
4/6/17,9064,4.0,5
4/5/17,15998,7.7,8
4/4/17,4831,1.8,5
4/3/17,11393,5.6,5
4/2/17,9947,3.6,1
4/1/17,14362,6.2,1
3/31/17,11254,5.0,5
3/30/17,5642,2.4,3
3/29/17,14218,6.2,6
3/28/17,8678,3.7,7
3/27/17,16871,7.6,1
3/26/17,9338,5.2,5
3/25/17,4061,1.8,6
3/24/17,15959,7.2,1
3/23/17,8325,3.8,5
3/22/17,14609,6.5,2
3/21/17,10715,5.2,9
3/20/17,12094,4.5,4
3/19/17,12306,5.6,2
3/18/17,1629,0.6,3
3/17/17,15118,5.5,3
3/16/17,7392,3.4,3
3/15/17,13627,6.2,1
3/14/17,8818,4.7,10
3/13/17,12581,5.7,1
3/12/17,5701,2.9,9
3/11/17,170,0.1,0
3/10/17,10790,5.1,2
3/9/17,8341,4.5,1
3/8/17,17473,8.0,2
3/7/17,9213,4.3,7
3/6/17,6705,2.5,6
3/5/17,9437,4.0,4
3/4/17,20426,9.2,8
3/3/17,9741,4.3,2
3/2/17,11861,6.0,8
3/1/17,16853,8.2,9
2/28/17,7592,3.4,9
2/27/17,10928,4.8,7
2/26/17,4833,2.2,9
2/25/17,7415,3.6,7
2/24/17,12792,5.9,2
2/23/17,10570,5.1,11
2/22/17,21744,10.0,7
2/21/17,5991,2.8,7
2/20/17,17556,8.1,4
2/19/17,5091,2.3,6
2/18/17,15314,7.4,7
2/17/17,13919,6.4,3
2/16/17,10062,4.5,9
2/15/17,15139,6.8,7
2/14/17,8202,3.4,9
2/13/17,10770,4.6,8
2/12/17,7352,3.2,11
2/11/17,10433,3.8,4
2/10/17,9014,3.5,7
2/9/17,9889,4.4,12
2/8/17,8023,3.1,3
2/7/17,12306,5.5,8
2/6/17,10958,5.0,13
2/5/17,8413,3.8,11
2/4/17,10627,4.1,5
2/3/17,10194,3.9,3
2/2/17,9222,4.1,9
2/1/17,17145,7.9,7
1/31/17,8782,3.9,15
1/30/17,15307,6.9,8
1/29/17,14058,6.4,43
1/28/17,16867,7.7,59
1/27/17,16594,7.6,2
1/26/17,6988,3.1,11
1/25/17,15136,6.9,16
1/24/17,9130,4.2,8
1/23/17,13236,6.1,5
1/22/17,3437,1.4,4
1/21/17,10281,4.0,12
1/20/17,5808,2.5,14
1/19/17,9031,4.1,9
1/18/17,8208,3.7,5
1/17/17,8421,3.6,5
1/16/17,14690,6.7,4
1/15/17,4950,2.2,2
1/14/17,8108,3.6,7
1/13/17,17662,8.0,13
1/12/17,10220,4.6,11
1/11/17,11421,4.9,7
1/10/17,10572,4.8,14
1/9/17,10852,4.9,3
1/8/17,5537,2.5,3
1/7/17,10052,4.4,7
1/6/17,13030,6.0,8
1/5/17,8377,3.9,20
1/4/17,17835,8.1,34
1/3/17,13412,6.1,5
1/2/17,5440,2.5,15
1/1/17,11629,4.9,13
12/31/16,7365,3.3,10
12/30/16,16912,7.7,11
12/29/16,13394,6.1,10
12/28/16,15252,6.9,4
12/27/16,13684,6.1,12
12/26/16,15796,6.7,11
12/25/16,5661,2.5,11
12/24/16,10116,4.5,13
12/23/16,11630,5.3,4
12/22/16,8173,3.6,9
12/21/16,15816,7.1,6
12/20/16,11460,5.2,5
12/19/16,17533,7.9,2
12/18/16,7052,3.1,4
12/17/16,17245,7.7,20
12/16/16,20051,9.1,5
12/15/16,8620,3.8,5
12/14/16,9930,4.6,7
12/13/16,10786,4.8,9
12/12/16,23124,10.6,9
12/11/16,5778,2.5,9
12/10/16,7202,3.3,17
12/9/16,20350,9.3,8
12/8/16,8707,3.9,8
12/7/16,11735,5.4,9
12/6/16,10326,4.5,12
12/5/16,19176,8.8,4
12/4/16,6413,2.8,12
12/3/16,13530,6.1,9
12/2/16,17632,8.0,8
12/1/16,10666,4.8,7
11/30/16,10609,4.9,2
11/29/16,9554,4.3,12
11/28/16,17485,7.9,9
11/27/16,8287,3.6,10
11/26/16,11838,5.4,8
11/25/16,15146,6.8,6
11/24/16,17842,8.1,8
11/23/16,11509,5.3,2
11/22/16,9496,4.3,5
11/21/16,21181,9.7,6
11/20/16,10589,4.8,6
11/19/16,13164,6.0,9
11/18/16,17827,8.2,14
11/17/16,6138,2.7,5
11/16/16,12856,5.8,4
11/15/16,11486,5.2,13
11/14/16,15259,6.9,17
11/13/16,7767,3.5,13
11/12/16,15362,7.0,9
11/11/16,17501,6.9,9
11/10/16,8930,4.0,6
11/9/16,14860,6.8,11
11/8/16,8779,3.9,7
11/7/16,12021,5.6,2
11/6/16,19157,8.9,4
11/5/16,4975,2.3,2
11/4/16,10926,4.7,29
11/3/16,7342,3.3,10
11/2/16,13676,6.5,7
11/1/16,6518,3.0,2
10/31/16,15486,7.1,3
10/30/16,4900,2.1,6
10/29/16,15994,7.4,6
10/28/16,17930,8.1,6
10/27/16,8950,4.0,10
10/26/16,13683,5.6,13
10/25/16,6503,2.7,9
10/24/16,15723,5.5,6
10/23/16,2982,1.2,7
10/22/16,8957,3.9,6
10/21/16,19610,9.1,9
10/20/16,9029,4.1,15
10/19/16,14919,6.9,6
10/18/16,10675,4.7,5
10/17/16,14561,6.7,4
10/16/16,8113,3.6,17
10/15/16,19261,8.7,20
10/14/16,16621,7.8,11
10/13/16,8649,3.8,2
10/12/16,11413,5.3,5
10/11/16,4953,1.9,8
10/10/16,7012,2.7,16
10/9/16,5231,2.0,15
10/8/16,11796,4.0,6
10/7/16,4006,1.6,17
10/6/16,7863,3.0,11
10/5/16,12735,5.9,9
10/4/16,7511,3.4,9
10/3/16,10851,5.0,12
10/2/16,13622,6.1,7
10/1/16,14583,6.7,13
9/30/16,12731,5.9,14
9/29/16,8227,3.9,4
9/28/16,15789,7.3,9
9/27/16,8060,3.8,9
9/26/16,14803,7.1,9
9/25/16,7155,3.2,10
9/24/16,15880,7.3,10
9/23/16,12829,6.1,4
9/22/16,8599,3.7,10
9/21/16,16551,7.8,7
9/20/16,8721,4.1,13
9/19/16,20590,9.9,12
9/18/16,6509,3.1,11
9/17/16,18696,8.9,13
9/16/16,12591,5.8,8
9/15/16,9146,4.2,9
9/14/16,10389,4.7,9
9/13/16,10225,4.9,10
9/12/16,15842,7.7,7
9/11/16,3781,1.4,7
9/10/16,6040,2.9,11
9/9/16,14176,6.6,17
9/8/16,7873,3.0,16
9/7/16,8466,2.9,9
9/6/16,7114,2.8,11
9/5/16,18856,6.2,6
9/4/16,7072,3.3,10
9/3/16,6320,3.1,7
9/2/16,10966,5.2,6
9/1/16,8389,3.9,8
8/31/16,15000,7.2,7
8/30/16,10979,5.0,9
8/29/16,16863,8.3,6
8/28/16,5131,2.1,5
8/27/16,7714,3.4,13
8/26/16,3906,1.5,8
8/25/16,7272,2.9,10
8/24/16,13228,6.4,2
8/23/16,11846,5.6,13
8/22/16,18940,8.2,9
8/21/16,5711,2.7,13
8/20/16,12137,4.6,16
8/19/16,3522,1.6,9
8/18/16,9110,4.3,14
8/17/16,13659,6.6,11
8/16/16,8240,3.8,14
8/15/16,9119,4.3,9
8/14/16,10042,4.1,4
8/13/16,4895,2.4,11
8/12/16,4286,1.7,1
8/8/16,7080,3.2,12
8/7/16,7124,2.8,2
8/6/16,2771,1.1,0
8/5/16,4862,2.2,14
8/4/16,17496,6.6,8
8/3/16,13247,5.1,10
8/2/16,6434,2.8,12
8/1/16,4720,2.1,11
7/31/16,2643,1.0,3
7/30/16,12719,6.0,11
7/29/16,11542,5.5,9
7/28/16,14172,5.1,6
7/27/16,9267,3.9,8
7/26/16,10447,5.0,10
7/25/16,8506,4.0,6
7/24/16,3915,1.9,5
7/23/16,8563,3.5,9
7/22/16,2661,1.2,5
7/21/16,12840,6.4,6
7/20/16,13473,5.3,16
7/19/16,6287,2.5,5
7/18/16,4369,2.0,3
7/17/16,3164,1.4,8
7/16/16,12204,6.1,10
7/15/16,10710,5.3,5
7/14/16,15608,7.6,9
7/13/16,14867,7.1,10
7/12/16,13498,6.7,8
7/11/16,5206,2.2,15
7/10/16,3864,1.8,10
7/9/16,12598,6.2,6
7/8/16,10326,5.1,6
7/7/16,13317,6.6,6
7/6/16,5814,2.3,7
7/5/16,16189,6.1,6
7/4/16,5621,2.3,16
7/3/16,9744,4.5,30
7/2/16,11888,5.7,11
7/1/16,11760,5.8,5
6/30/16,12587,6.1,11
6/29/16,14777,7.2,9
6/28/16,11889,4.5,8
6/27/16,6911,3.5,13
6/26/16,7856,3.4,13
6/25/16,13139,6.5,8
6/24/16,14361,5.9,9
6/23/16,10587,5.2,3
6/22/16,12781,6.3,4
6/21/16,12001,5.9,7
6/20/16,9432,4.6,12
6/19/16,11139,5.4,16
6/18/16,8456,4.2,8
6/17/16,16649,8.2,10
6/16/16,7200,3.1,11
6/15/16,13262,6.6,11
6/14/16,13771,6.6,5
6/13/16,6354,3.1,15
6/12/16,10700,4.6,15
6/11/16,16273,6.5,13
6/10/16,10942,5.3,4
6/9/16,5782,2.5,15
6/8/16,14110,5.4,10
6/7/16,13900,6.9,6
6/6/16,5410,2.3,7
6/5/16,11942,5.0,7
6/4/16,8806,4.2,3
6/3/16,10811,5.4,11
6/2/16,11261,5.5,8
6/1/16,8097,3.8,24
5/31/16,6437,2.9,15
5/30/16,8600,4.1,9
5/29/16,10379,5.1,11
5/28/16,9770,4.7,8
5/27/16,9445,4.6,8
5/26/16,8080,4.0,2
5/25/16,12050,4.7,13
5/24/16,10295,4.4,18
5/23/16,9751,4.6,18
5/22/16,14838,6.0,11
5/21/16,10025,3.9,8
5/20/16,5192,2.2,13
5/19/16,11077,4.5,13
5/18/16,8291,3.1,2
5/17/16,5446,2.2,9
5/16/16,6516,3.1,28
5/15/16,15176,6.1,8
5/14/16,11458,4.8,9
5/13/16,18214,8.0,11
5/12/16,13623,5.3,10
5/11/16,10724,4.6,4
5/10/16,6190,2.9,6
5/9/16,7128,3.4,6
5/8/16,19327,7.8,10
5/7/16,11355,4.6,9
5/6/16,10722,4.5,12
5/5/16,12740,5.5,13
5/4/16,15405,6.5,12
5/3/16,10981,4.5,7
5/2/16,7697,3.6,16
5/1/16,14484,5.6,6
4/30/16,16644,6.3,8
4/29/16,15940,6.6,22
4/28/16,10864,4.9,11
4/27/16,9066,4.6,10
4/26/16,10621,5.3,12
4/25/16,5991,2.9,7
4/24/16,13853,5.9,22
4/23/16,16203,6.7,10
4/22/16,16267,6.9,12
4/21/16,11849,5.3,9
4/20/16,9182,4.5,15
4/19/16,6668,3.3,12
4/18/16,8744,4.4,13
4/17/16,15632,5.8,3
4/16/16,16062,5.8,4
4/15/16,11801,4.8,10
4/14/16,11382,4.9,13
4/13/16,8659,4.6,6
4/12/16,5563,2.8,12
4/11/16,6595,3.3,7
4/10/16,9587,4.8,10
4/9/16,11561,5.9,10
4/8/16,12952,5.3,8
4/7/16,6131,2.7,6
4/6/16,6353,2.6,13
4/5/16,9965,4.4,22
4/4/16,3770,1.8,2
4/3/16,12112,4.5,4
4/2/16,17943,7.0,16
4/1/16,16916,6.4,15
3/31/16,12304,5.0,9
3/30/16,8830,3.8,20
3/29/16,5776,2.5,10
3/28/16,5523,2.7,9
3/27/16,14540,5.6,5
3/26/16,16464,6.2,12
3/25/16,16137,6.2,10
3/24/16,17203,7.3,16
3/23/16,8083,3.8,14
3/22/16,5982,2.8,12
3/21/16,9063,4.2,16
3/20/16,14326,6.5,19
3/19/16,17213,7.3,7
3/18/16,12123,5.6,14
3/17/16,8050,3.6,8
3/16/16,12193,5.7,17
3/15/16,13149,6.2,17
3/14/16,6211,2.9,13
3/13/16,13446,6.0,9
3/12/16,13209,5.8,6
3/11/16,10005,4.4,10
3/10/16,14645,6.4,9
3/9/16,12169,6.6,0
3/8/16,10051,5.7,0
3/7/16,3709,1.8,0
3/6/16,11141,6.8,0
3/5/16,18585,10.2,0
3/4/16,9989,5.4,0
3/3/16,9757,5.4,0
3/2/16,6202,3.0,0
3/1/16,5794,3.0,0
2/29/16,3170,1.5,0
2/28/16,16386,8.4,0
2/27/16,16733,8.9,0
2/26/16,7072,3.9,0
2/25/16,5791,2.9,0
2/24/16,6025,2.8,0
2/23/16,2661,1.3,0
2/22/16,7512,3.7,0
2/21/16,11088,7.2,0
2/20/16,23758,13.2,0
2/19/16,7708,3.9,0
2/18/16,13221,7.0,0
2/17/16,3780,1.8,0
2/16/16,5633,2.9,0
2/15/16,5073,2.5,0
2/14/16,14876,8.2,0
2/13/16,19995,11.2,0
2/12/16,11183,6.3,0
2/11/16,9713,5.7,0
2/10/16,8914,4.6,0
2/9/16,5339,2.9,0
2/8/16,4696,2.2,0
2/7/16,13124,6.9,0
2/6/16,18648,11.1,0
2/5/16,13166,7.3,0
2/4/16,13490,7.6,0
2/3/16,5321,2.5,0
2/2/16,4522,2.3,0
2/1/16,7109,3.6,0
1/31/16,11345,7.8,0
1/30/16,15603,11.0,0
1/29/16,7723,4.4,0
1/28/16,10843,6.5,0
1/27/16,8351,4.3,0
1/26/16,4561,2.3,0
1/25/16,6305,3.2,0
1/24/16,12401,8.4,0
1/23/16,12119,6.9,0
1/22/16,9657,5.0,0
1/21/16,10421,5.4,0
1/20/16,6104,3.0,0
1/19/16,4644,2.5,0
1/18/16,17694,9.0,0
1/17/16,13329,8.6,0
1/16/16,11425,6.6,0
1/15/16,11097,5.7,0
1/14/16,8598,4.6,0
1/13/16,5489,2.6,0
1/12/16,5712,2.8,0
1/11/16,8061,3.7,0
1/10/16,11335,8.2,0
1/9/16,16285,9.8,0
1/8/16,13875,6.7,0
1/7/16,15656,8.9,0
1/6/16,16245,7.8,0
1/5/16,12619,6.1,0
1/4/16,15569,6.3,0
1/3/16,22139,8.9,0
1/2/16,17968,8.4,0
1/1/16,10971,5.2,0
12/31/15,9105,4.3,0
12/30/15,9240,4.5,0
12/29/15,7884,3.6,0
12/28/15,16492,8.2,0
12/27/15,2109,1.0,0
12/26/15,12058,7.4,0
12/25/15,3408,1.8,0
12/24/15,7270,3.5,0
12/23/15,16104,8.1,0
12/22/15,5426,2.5,0
12/21/15,8042,4.1,0
12/20/15,9035,8.4,0
12/19/15,14004,7.1,0
12/18/15,15257,7.9,0
12/17/15,9165,4.6,0
12/16/15,8674,4.2,0
12/15/15,7265,3.6,0
12/14/15,6195,3.0,0
12/13/15,12090,7.4,0
12/12/15,15251,7.9,0
12/11/15,15122,7.5,0
12/10/15,6898,3.5,0
12/9/15,12115,5.6,0
12/8/15,5992,2.8,0
12/7/15,7088,3.4,0
12/6/15,11760,6.3,0
12/5/15,17005,10.1,0
12/4/15,13946,6.9,0
12/3/15,19184,9.4,0
12/2/15,5129,2.2,0
12/1/15,3791,1.8,0
11/30/15,4367,1.9,0
11/29/15,14690,8.5,0
11/28/15,15834,8.4,0
11/27/15,12860,6.8,0
11/26/15,16107,8.2,0
11/25/15,4103,2.1,0
11/24/15,9441,4.5,0
11/23/15,811,0.5,0
11/22/15,10395,5.2,0
11/21/15,15280,8.0,0
11/20/15,11419,7.1,0
11/19/15,11494,6.0,0
11/18/15,4878,2.1,0
11/17/15,5012,2.5,0
11/16/15,565,0.3,0
11/15/15,13175,6.7,0
11/14/15,16602,8.4,0
11/13/15,10317,5.3,0
11/12/15,11855,5.6,0
11/11/15,4085,1.6,0
11/10/15,3576,1.5,0
11/9/15,10164,4.3,0
11/8/15,4723,2.1,0
11/5/15,17446,7.3,0
11/4/15,9,0.0,0
10/31/15,5948,2.3,0
10/30/15,5864,2.8,0
10/29/15,13288,6.5,0
10/28/15,7402,3.2,0
10/27/15,5594,2.3,0
10/26/15,7544,3.1,0
10/25/15,10993,5.2,0
10/24/15,15338,7.0,0
10/23/15,9371,4.4,0
10/22/15,9068,4.2,0
10/21/15,10196,4.6,0
10/20/15,6439,3.0,0
10/19/15,4915,1.9,0
10/18/15,11666,7.4,0
10/17/15,17949,8.7,0
10/16/15,13835,7.0,0
10/15/15,6329,2.9,0
10/14/15,8827,3.8,0
10/13/15,2004,1.0,0
10/12/15,6131,2.6,0
10/11/15,9570,6.1,0
10/10/15,13139,8.7,0
10/9/15,11072,5.5,0
10/8/15,12694,6.2,0
10/7/15,7023,2.8,0
10/6/15,2911,1.2,0
10/5/15,5750,2.6,0
10/4/15,13246,6.3,0
10/3/15,12537,5.6,0
10/2/15,16988,8.1,0
10/1/15,6704,2.8,0
9/30/15,6288,2.7,0
9/29/15,3218,1.6,0
9/28/15,5777,2.7,0
9/27/15,11575,5.3,0
9/26/15,14154,7.0,0
9/25/15,15101,7.2,0
9/24/15,10691,5.0,0
9/23/15,4718,2.2,0
9/22/15,3381,1.5,0
9/21/15,5590,2.4,0
9/20/15,12470,5.8,0
9/19/15,18713,9.1,0
9/18/15,12823,6.1,0
9/17/15,3394,1.7,0
9/16/15,3294,1.4,0
9/15/15,8622,4.0,0
9/14/15,7534,3.7,0
9/13/15,15733,7.4,0
9/12/15,11102,5.2,0
9/11/15,4636,2.1,0
9/10/15,9424,4.8,0
9/9/15,6897,2.9,0
9/8/15,5590,2.8,0
9/7/15,13271,6.4,0
9/6/15,12555,6.0,0
9/5/15,17262,8.3,0
9/4/15,1785,0.9,0
9/3/15,8125,4.2,0
9/2/15,5021,2.0,0
9/1/15,12232,6.2,0
8/31/15,4534,2.2,0
8/30/15,11386,7.1,0
8/29/15,14014,6.8,0
8/28/15,20355,11.0,0
8/27/15,11405,5.7,0
8/26/15,10424,4.8,0
8/25/15,2932,1.5,0
8/24/15,5492,2.7,0
8/23/15,10544,5.1,0
8/22/15,15922,7.5,0
8/21/15,12085,5.9,0
8/20/15,7138,3.3,0
8/19/15,10625,5.0,0
8/18/15,8890,4.5,0
8/17/15,10298,5.3,0
8/16/15,11234,6.9,0
8/15/15,12683,8.9,0
8/14/15,12369,6.1,0
8/13/15,6004,3.1,0
8/12/15,4317,2.1,0
8/11/15,4129,2.0,0
8/10/15,11781,5.9,0
8/9/15,16157,7.6,0
8/8/15,16934,8.1,0
8/7/15,11163,5.5,0
8/6/15,3954,2.2,0
8/5/15,2583,1.3,0
8/4/15,18483,8.7,0
8/3/15,3211,1.6,0
8/2/15,9257,5.6,0
8/1/15,15628,7.1,0
7/31/15,11783,5.8,0
7/30/15,4279,2.0,0
7/29/15,19515,9.0,0
7/28/15,5353,2.5,0
7/27/15,6459,3.2,0
7/26/15,13576,6.6,0
7/25/15,14921,7.0,0
7/24/15,13104,6.3,0
7/23/15,14515,6.9,0
7/22/15,9664,4.6,0
7/21/15,4823,2.2,0
7/20/15,4088,1.8,0
7/19/15,14539,7.0,0
7/18/15,14982,7.0,0
7/17/15,8054,4.0,0
7/16/15,16778,9.3,0
7/15/15,7051,3.1,0
7/14/15,7917,3.8,0
7/13/15,2519,1.2,0
7/12/15,11937,6.4,0
7/11/15,12443,6.1,0
7/10/15,8027,3.9,0
7/9/15,2565,1.3,0
7/8/15,9392,4.2,0
7/7/15,9374,4.8,0
7/6/15,2158,1.2,0
7/5/15,13457,6.7,0
7/4/15,12798,6.4,0
7/3/15,15105,7.7,0
7/2/15,2196,1.2,0
7/1/15,2545,1.5,0
6/30/15,17188,8.8,0
6/29/15,2028,1.0,0
6/28/15,12540,6.3,0
6/27/15,19342,9.8,0
6/26/15,10903,5.4,0
6/25/15,12478,5.8,0
6/24/15,1538,0.8,0
6/23/15,1271,0.7,0
6/22/15,11592,5.8,0
6/21/15,9412,4.8,0
6/20/15,18180,9.3,0
6/19/15,12973,6.8,0
6/18/15,11175,5.2,0
6/17/15,6240,3.2,0
6/16/15,4878,2.6,0
6/15/15,12192,5.7,0
6/14/15,17965,9.0,0
6/13/15,13722,6.7,0
6/12/15,9116,4.6,0
6/11/15,3404,1.6,0
6/10/15,1148,0.5,0
6/9/15,3674,1.8,0
6/8/15,2237,1.1,0
6/7/15,17811,9.1,0
6/6/15,1521,0.8,0
6/5/15,11066,5.6,0
6/4/15,5894,2.8,0
6/3/15,2468,1.4,0
6/2/15,2751,1.5,0
6/1/15,11375,5.6,0
5/31/15,12265,6.1,0
5/30/15,15187,7.6,0
5/29/15,12539,6.3,0
5/28/15,16140,8.1,0
5/27/15,7924,3.9,0
5/26/15,6647,3.5,0
5/25/15,15033,7.4,0
5/24/15,13762,6.9,0
5/23/15,15144,7.6,0
5/22/15,18902,8.9,0
5/21/15,10987,5.6,0
5/20/15,8695,4.0,0
5/19/15,13197,6.3,0
5/18/15,10162,5.0,0
5/17/15,16269,8.0,0
5/16/15,16006,8.0,0
5/15/15,12451,6.4,0
5/14/15,9327,4.8,0
5/13/15,6544,3.4,0
5/12/15,13774,6.7,0
5/11/15,2231,1.1,0
5/10/15,17132,8.4,0
5/9/15,20176,10.4,0
5/8/15,7398,3.8,0
5/7/15,2566,1.3,0
5/6/15,4959,2.5,0
5/5/15,12704,6.5,0
5/4/15,3209,1.6,0
5/3/15,20075,9.1,0
5/2/15,15090,7.2,0
5/1/15,9765,5.0,0
4/30/15,10055,5.0,0
4/29/15,14238,7.3,0
4/28/15,19441,9.6,0
4/27/15,9193,4.3,0
4/26/15,14544,7.2,0
4/25/15,14527,7.4,0
4/24/15,10153,5.2,0
4/23/15,4335,2.4,0
4/22/15,7088,3.6,0
4/21/15,14658,7.2,0
4/20/15,1562,0.8,0
4/19/15,14910,7.6,0
4/18/15,18991,9.0,0
4/17/15,10880,5.2,0
4/16/15,12436,6.2,0
4/15/15,3113,1.6,0
4/14/15,11157,5.2,0
4/13/15,13351,6.1,0
4/12/15,14066,6.2,0
4/11/15,16432,7.9,0
4/10/15,13009,6.3,0
4/9/15,12440,5.5,0
4/8/15,14653,7.6,0
4/7/15,15967,7.5,0
4/6/15,10706,5.1,0
4/5/15,12962,6.2,0
4/4/15,17874,8.6,0
4/3/15,5169,2.6,0
4/2/15,10764,5.5,0
4/1/15,6580,3.0,0
3/31/15,12409,6.6,0
3/30/15,5775,3.0,0
3/29/15,19376,10.4,0
3/28/15,17855,9.7,0
3/27/15,12402,6.9,0
3/26/15,3794,1.9,0
3/25/15,3228,1.6,0
3/24/15,15273,8.4,0
3/23/15,5563,2.8,0
3/22/15,13524,7.4,0
3/21/15,19153,10.6,0
3/20/15,9152,5.0,0
3/19/15,3560,1.8,0
3/18/15,5737,3.1,0
3/17/15,10828,5.8,0
3/16/15,6550,3.3,0
3/15/15,14318,7.5,0
3/14/15,16476,9.2,0
3/13/15,11316,6.0,0
3/12/15,5926,2.7,0
3/11/15,9007,4.9,0
3/10/15,4209,2.1,0
3/9/15,8949,4.1,0
3/8/15,1779,0.7,0
3/7/15,21410,9.7,0
3/6/15,4719,2.0,0
3/5/15,7787,3.4,0
3/4/15,11078,5.0,0
3/3/15,6197,2.6,0
3/2/15,8879,4.0,0
3/1/15,17749,7.9,0
2/28/15,22343,10.2,0
2/27/15,9791,4.5,0
2/26/15,9054,4.0,0
2/25/15,3818,1.7,0
2/24/15,12590,5.7,0
2/23/15,10391,4.6,0
2/22/15,16987,7.7,0
2/21/15,21553,9.7,0
2/20/15,7876,3.5,0
2/19/15,2894,1.3,0
2/18/15,3420,1.5,0
2/17/15,2442,1.0,0
2/16/15,6668,2.9,0
2/15/15,21669,9.7,0
2/14/15,9077,4.1,0
2/13/15,13369,5.9,0
2/12/15,4755,2.1,0
2/11/15,8965,4.0,0
2/10/15,6972,3.1,0
2/9/15,1901,0.8,0
2/8/15,15073,6.7,0
2/7/15,11520,5.1,0
2/6/15,15912,7.1,0
2/5/15,9002,3.9,0
2/4/15,8798,3.9,0
2/3/15,4289,1.9,0
2/2/15,2406,1.1,0
2/1/15,14803,6.8,0
1/31/15,20601,9.2,0
1/30/15,11408,5.1,0
1/29/15,4480,1.9,0
1/28/15,6792,3.0,0
1/27/15,3295,1.4,0
1/26/15,8523,3.6,0
1/25/15,14160,6.3,0
1/24/15,12121,5.3,0
1/23/15,7977,3.6,0
1/22/15,14946,6.7,0
1/21/15,11739,5.5,0
1/20/15,3257,1.5,0
1/19/15,8155,3.6,0
1/18/15,12870,5.6,0
1/17/15,23793,10.6,0
1/16/15,11964,5.3,0
1/15/15,5729,2.5,0
1/14/15,8335,3.8,0
1/13/15,3129,1.3,0
1/12/15,3903,1.7,0
1/11/15,12991,5.6,0
1/10/15,23617,10.1,0
1/9/15,14935,6.7,0
1/8/15,5502,2.3,0
1/7/15,7337,3.2,0
1/6/15,9095,4.1,0
1/5/15,7573,3.3,0
1/4/15,14416,6.5,0
1/3/15,13720,5.9,0
1/2/15,15470,6.6,0
1/1/15,10181,4.3,0
12/31/14,15754,6.7,0
12/30/14,11665,5.0,0
12/29/14,7680,3.3,0
12/28/14,18509,8.3,0
12/27/14,6592,3.1,0
12/26/14,8271,3.6,0
12/25/14,3232,1.3,0
12/24/14,10055,4.3,0
12/23/14,7981,3.5,0
12/22/14,2642,1.2,0
12/21/14,12140,5.5,0
12/20/14,12866,5.9,0
12/19/14,11792,5.4,0
12/18/14,15266,7.1,0
12/17/14,17870,8.4,0
12/16/14,5608,2.7,0
12/15/14,6660,3.0,0
12/14/14,12749,6.0,0
12/13/14,10960,5.1,0
12/12/14,8916,4.2,0
12/11/14,9129,4.4,0
12/10/14,7262,3.3,0
12/9/14,10187,4.6,0
12/8/14,7305,3.3,0
12/7/14,2396,1.1,0
12/6/14,2564,1.1,0
12/5/14,4278,1.9,0
12/4/14,3938,1.7,0
12/3/14,3499,1.5,0
12/2/14,8849,3.8,0
12/1/14,5201,2.3,0
11/30/14,6659,2.7,0
11/29/14,9465,4.2,0
11/28/14,8950,4.0,0
11/27/14,13655,6.1,0
11/26/14,9576,4.1,0
11/25/14,8362,3.7,0
11/24/14,7158,3.1,0
11/23/14,7856,3.4,0
11/22/14,15388,6.8,0
11/21/14,8671,3.9,0
11/20/14,9967,4.5,0
11/19/14,17392,7.8,0
11/18/14,6448,2.8,0
11/17/14,10786,4.8,0
11/16/14,3380,1.5,0
11/15/14,11014,4.9,0
11/14/14,9355,4.3,0
11/13/14,11583,5.4,0
11/12/14,7893,3.5,0
11/11/14,9591,4.3,0
11/10/14,8540,3.8,0
11/9/14,7944,3.7,0
11/8/14,12300,5.7,0
11/7/14,12131,5.7,0
11/6/14,6118,3.0,0
11/5/14,7209,3.2,0
11/4/14,7327,3.3,0
11/3/14,13568,6.2,0
11/2/14,7817,3.4,0
11/1/14,12333,5.9,0
10/31/14,13964,6.9,0
10/30/14,11469,5.3,0
10/29/14,8522,3.9,0
10/28/14,11601,5.3,0
10/27/14,6410,3.1,0
10/26/14,10086,4.6,0
10/25/14,16346,7.4,0
10/24/14,11408,5.4,0
10/23/14,12957,6.0,0
10/22/14,10490,4.8,0
10/21/14,13139,6.3,0
10/20/14,7286,3.3,0
10/19/14,5289,2.5,0
10/18/14,9154,4.4,0
10/17/14,16655,7.8,0
10/16/14,10387,4.9,0
10/15/14,3824,1.7,0
10/14/14,10362,4.8,0
10/13/14,11323,5.1,0
10/12/14,4925,2.1,0
10/11/14,11107,5.2,0
10/10/14,11541,5.5,0
10/9/14,8798,4.2,0
10/8/14,5948,2.8,0
10/7/14,3281,1.5,0
10/6/14,6007,2.7,0
10/5/14,5837,2.7,0
10/4/14,11801,5.4,0
10/3/14,10287,5.0,0
10/2/14,13026,6.1,0
10/1/14,7364,3.5,0
9/30/14,7008,3.2,0
9/29/14,2949,1.3,0
9/28/14,7131,3.3,0
9/27/14,13410,6.2,0
9/26/14,8863,4.1,0
9/25/14,8508,4.0,0
9/24/14,7917,4.2,0
9/23/14,7755,3.5,0
9/22/14,7759,3.6,0
9/21/14,3622,1.7,0
9/20/14,13475,6.4,0
9/19/14,10751,5.1,0
9/18/14,12616,6.1,0
9/17/14,6001,2.7,0
9/16/14,10541,4.8,0
